cif,sum_amount_bank,transaction_count_bank,risk_profile,sum_amount_others,transaction_count_others
1,76781,1576,3,1616,349
2,78638,5728,1,3820,7634
3,12904,2277,6,3183,5454
4,20624,4108,4,3057,269
5,59827,3213,2,3858,6711
6,24332,3639,6,6114,7682
7,59009,117,3,633,916
8,30584,4281,1,5306,4225
9,29788,5132,2,5179,3025
10,39974,3623,5,5497,4803
11,3736,5465,3,2607,461
12,53576,2533,1,6843,8044
13,69753,3530,6,569,7648
14,40640,4052,1,6950,3599
15,30633,1060,1,889,8331
16,76147,242,2,1656,284
17,55532,4920,6,6844,6306
18,77786,5565,6,2387,8897
19,57443,2696,1,2973,683
20,49386,2768,5,6350,6411
21,29088,1500,4,2520,6982
22,7923,5922,4,6055,2477
23,2519,5077,5,5080,3061
24,77926,2921,2,6037,4591
25,63947,251,6,1806,1241
26,29609,3555,1,4755,6440
27,9634,3068,4,3446,3447
28,33162,5776,2,290,4030
29,49002,4459,1,3903,4509
30,33875,3640,5,3377,3404
31,27153,1552,2,850,7049
32,67673,4513,2,1858,4864
33,30703,5115,4,1930,2437
34,49633,3831,2,3335,7225
35,7526,855,5,384,811
36,45220,3412,1,2073,4744
37,52642,2844,3,2220,8157
38,31859,5770,2,4260,1419
39,14651,1895,1,2865,3240
40,23035,2723,5,1631,4757
41,21145,4786,2,573,4951
42,41201,3706,1,6281,1769
43,61430,2557,3,6694,7924
44,79853,2117,6,2947,4053
45,32918,3209,3,1544,5529
46,62515,4341,4,4156,2949
47,42339,5098,6,2213,6658
48,6463,5363,5,767,731
49,18844,3554,6,4684,8915
50,31169,9,1,3705,4151
51,49669,993,2,181,1741
52,51307,3640,1,6363,4224
53,3700,1598,1,1442,7426
54,12839,5539,5,3785,1050
55,6926,949,3,2233,2085
56,39953,4123,5,5294,7014
57,63232,4995,3,2807,3211
58,22269,5914,2,6118,6896
59,36482,4867,1,783,7676
60,47987,1383,5,6542,1878
61,56015,21,3,3073,2701
62,3225,402,1,5477,5772
63,32293,3057,5,1676,4073
64,12683,2944,2,3205,6804
65,68006,76,2,3347,8789
66,54172,680,3,471,5294
67,17582,406,3,1350,2853
68,40570,4633,3,1863,5441
69,33163,1932,6,2501,155
70,76102,4622,4,2946,2922
71,69873,4822,3,1048,4974
72,46708,2730,4,1166,7129
73,60747,4869,4,2085,1198
74,7894,1902,3,5710,2291
75,78688,1983,6,565,3534
76,18256,5389,1,660,8231
77,30120,2558,2,2685,5402
78,28582,2129,4,5186,5121
79,402,3878,4,4764,1284
80,31543,7,4,1888,6987
81,28646,2954,1,1183,5604
82,37433,5727,4,2706,519
83,73519,1593,3,2824,6672
84,63048,4842,5,2493,50
85,13717,2380,4,6961,6728
86,26412,5945,5,4639,2722
87,47869,930,5,895,126
88,65105,5719,1,3060,1338
89,17730,4549,4,6883,5062
90,54208,4597,3,179,5718
91,14297,3997,3,168,8834
92,4961,546,3,1534,1158
93,55386,2104,5,820,1931
94,63895,5240,4,5775,741
95,56235,5650,2,5009,3077
96,59589,4716,1,6345,2763
97,18439,827,4,5585,1873
98,15497,1063,1,3834,4816
99,72520,4122,2,6006,8042
100,51395,1984,1,4778,1637
101,40950,808,5,6782,1593
102,31698,5325,4,5622,8506
103,25395,549,5,1544,4605
104,15483,5791,1,1862,3075
105,24382,623,1,2449,4124
106,11704,2578,5,6920,7705
107,26159,743,3,441,1504
108,76130,2820,2,4624,5392
109,1415,2606,2,3225,388
110,3870,2372,1,2837,2516
111,39701,2390,6,3336,2570
112,37185,4316,5,1004,3189
113,72733,1140,5,5662,4836
114,52129,5166,3,3037,2296
115,36733,5183,4,3998,7898
116,14544,3479,5,992,8031
117,9261,5271,5,367,708
118,2028,3577,4,2144,3218
119,79132,3489,3,847,5840
120,44206,5488,1,3006,2438
121,19693,3216,3,5926,8207
122,49304,156,4,5704,4962
123,66786,727,2,3060,2679
124,37096,2505,1,3223,2576
125,2015,5503,5,458,3835
126,14434,5961,4,4332,8610
127,64469,2420,2,1369,3829
128,55516,3797,6,6519,1034
129,45493,5051,4,6880,1100
130,56930,997,3,2880,2915
131,48776,166,5,6145,8237
132,74522,364,1,2478,3373
133,54275,929,1,237,775
134,29845,1181,5,3823,1939
135,53705,3784,4,2046,5891
136,13784,3734,3,3915,7451
137,30036,5522,6,6049,8371
138,69254,536,4,3045,4669
139,15903,3548,6,3382,7796
140,69764,4269,4,2267,8874
141,22241,3158,4,1139,2715
142,6950,4317,4,1965,6585
143,26250,2668,1,486,2222
144,29226,5720,6,3451,6256
145,78316,4941,1,2936,4934
146,23987,3991,5,286,5344
147,29813,5953,1,1958,8562
148,43377,924,1,2315,2171
149,66310,2174,1,3295,6679
150,63345,2962,2,6391,7140
151,64439,165,2,1056,7056
152,14114,5941,2,4534,2430
153,29097,907,1,2965,3821
154,62505,4298,4,4823,3427
155,64624,4557,6,3728,4890
156,48314,2203,3,921,6119
157,20457,2650,6,3593,4411
158,51007,3008,1,1153,3074
159,37520,183,6,6375,1674
160,709,2484,4,5985,6230
161,51428,260,3,3234,8465
162,35342,3364,2,522,3157
163,39893,3263,2,156,8202
164,47194,1641,2,791,1731
165,70245,1030,6,4123,3511
166,4348,5568,2,4468,874
167,21502,789,5,1023,8543
168,48434,4461,3,3944,4899
169,49748,4143,2,4693,5437
170,57673,266,1,1192,6970
171,72375,3221,2,328,3257
172,53597,2196,2,540,668
173,55436,2688,3,1903,4966
174,46108,3504,2,789,8213
175,23015,1321,1,2796,6749
176,3798,269,5,6435,5085
177,56204,1371,6,3688,848
178,31182,4079,3,1640,2537
179,68076,1797,1,2271,4259
180,20530,1837,3,5725,643
181,26083,1994,1,4813,5475
182,23541,5505,3,4582,2047
183,22974,3084,3,3661,4040
184,45145,5693,2,3541,4673
185,43080,3719,2,6878,600
186,33765,2238,2,824,3869
187,64828,2972,4,435,6479
188,44179,3419,2,117,3045
189,23463,4938,6,6666,1653
190,3568,1963,1,770,2308
191,23732,5121,3,2641,1039
192,76855,3211,5,1392,641
193,11899,1786,3,6509,6169
194,25212,4949,4,6922,3338
195,48374,2227,3,2395,4487
196,18382,5661,4,6708,1265
197,70825,4265,6,5151,3617
198,19221,4898,2,6724,1289
199,25596,2584,2,547,553
200,25867,839,5,3065,170
201,42722,3035,3,4786,2968
202,4563,4522,3,5317,1204
203,69460,1820,2,5489,7457
204,65201,4306,3,2434,1749
205,76523,3449,6,928,7583
206,3757,3892,6,372,8277
207,33306,942,3,1619,2181
208,33379,3143,3,2014,133
209,51461,3845,2,6423,974
210,16954,3593,3,2290,7241
211,40942,2437,4,6260,2325
212,25609,2576,3,1486,5822
213,29164,5182,5,740,5165
214,9609,5075,5,5352,5985
215,64415,2890,6,4553,6802
216,78903,94,5,3243,7793
217,79615,2628,5,1324,8353
218,46631,5020,6,5049,6338
219,18907,42,2,1822,7874
220,75694,4419,3,4507,2469
221,25844,103,1,2469,7496
222,72911,4087,6,3636,8415
223,57944,4870,1,6183,5201
224,38633,3408,5,990,2328
225,62896,3025,1,1046,7178
226,15957,5725,1,6548,2476
227,17383,5405,5,2910,8098
228,72640,2072,5,3922,3647
229,44045,3040,3,6829,6170
230,73859,1748,4,482,6394
231,69238,5035,3,1021,1625
232,70140,1507,1,4406,1609
233,12741,1372,3,3238,7212
234,72044,2887,5,6248,4625
235,14763,1270,3,455,8078
236,24383,2339,4,5135,4104
237,44493,5931,3,2961,7668
238,50574,5325,1,5998,1083
239,11173,4125,1,342,1672
240,33589,1793,1,4118,7663
241,10319,489,3,112,217
242,2135,5723,3,4775,4262
243,58645,4227,2,3316,4289
244,55294,5549,4,5458,4111
245,78339,332,2,1907,2629
246,37471,1882,5,3527,2038
247,31579,2267,5,6015,7874
248,55630,3174,5,3983,7624
249,32862,5851,2,5576,4889
250,18787,4821,2,3112,1718
251,68097,5880,1,5160,7622
252,44798,5652,1,6624,8088
253,59922,2292,1,2347,877
254,63923,4243,5,1048,5959
255,72891,3227,1,5862,1143
256,39360,3519,4,5857,7171
257,50105,4752,2,6226,1304
258,16523,1548,3,4567,2986
259,37235,5452,4,1495,756
260,24660,4279,5,2245,760
261,18672,2378,6,3437,2331
262,40636,69,1,3681,594
263,63326,1904,1,3830,3035
264,26510,1576,1,5167,3067
265,58270,3905,5,3290,5754
266,21928,1297,6,4873,5823
267,35028,1199,5,906,4539
268,75480,2670,6,2318,4460
269,6758,1978,1,401,7688
270,38898,5931,5,5846,8234
271,66617,4536,1,720,8323
272,73661,5159,2,6960,2752
273,23019,1708,4,4804,6995
274,23592,424,2,1473,4898
275,21588,180,1,5184,2139
276,28006,5119,6,6926,2166
277,19944,4526,2,4774,846
278,60146,2219,6,1009,5465
279,69577,5933,5,924,6525
280,15819,3853,2,718,4987
281,70703,4144,4,4187,8008
282,70117,823,6,4740,7563
283,30516,2771,2,2068,8114
284,42760,3994,3,6753,8977
285,50777,3958,4,2484,6347
286,30956,1123,5,5910,6575
287,50881,5036,1,6082,6142
288,21039,376,5,1782,683
289,8233,4853,5,2972,4635
290,77519,2070,6,5317,6802
291,15327,5968,4,396,1137
292,67468,5610,4,3523,632
293,34387,352,2,1454,6520
294,21024,689,6,4871,6170
295,34934,4900,3,6496,4288
296,29672,1916,1,2199,8867
297,38701,4442,5,4458,7567
298,44903,2907,1,6985,6857
299,17381,5469,4,4362,6577
300,9356,5254,4,2319,4788
301,18269,548,3,1300,2906
302,15615,2673,1,276,4586
303,21388,2515,6,3578,5775
304,69918,645,2,6553,8916
305,22371,5228,3,3577,53
306,30866,2256,6,2642,4666
307,76489,4948,4,4208,861
308,16093,1785,1,6796,5353
309,74825,1818,2,4744,7199
310,63134,5490,5,3716,8283
311,53408,1820,5,2991,7075
312,22949,2409,2,6598,8865
313,50646,3962,5,6308,3662
314,58834,234,1,4946,6900
315,16035,1591,2,4840,7392
316,20929,3747,1,4763,8579
317,46482,5380,3,1182,8970
318,54518,2062,2,6893,2642
319,67726,330,3,6123,6298
320,9560,1645,3,5540,2160
321,26849,88,2,1366,4294
322,73270,5883,4,1060,4777
323,67205,371,4,2989,966
324,72202,1725,2,1193,3615
325,39450,35,6,6304,3862
326,43277,862,1,4475,7874
327,79756,5196,3,2170,3767
328,71864,5233,4,2073,6950
329,39606,1272,2,932,2949
330,58446,2106,4,1649,6842
331,49806,4089,2,2827,387
332,9993,766,5,5140,5848
333,32943,1138,6,3014,3575
334,3206,4180,5,5724,6089
335,78248,5185,5,1708,6936
336,10928,3495,6,3355,4243
337,45654,854,1,2777,2111
338,25798,1392,3,4852,4818
339,31859,5631,3,442,1196
340,51371,1795,3,5385,790
341,37270,5638,2,4428,334
342,59754,2812,5,3801,2255
343,16929,670,6,4899,6949
344,52934,1169,1,717,1444
345,4850,4102,6,2650,7584
346,52452,5445,1,2375,1204
347,45105,156,3,1942,5378
348,59386,1237,5,3661,7871
349,11233,586,6,4944,4708
350,26127,1162,4,1888,5456
351,45690,4309,2,2768,155
352,70251,2082,3,1829,6734
353,45151,4182,4,6460,727
354,38790,1473,1,3761,3947
355,16594,2724,3,5237,3572
356,8125,4277,6,6380,360
357,67248,2442,5,3798,141
358,17846,2278,1,1436,7610
359,33457,2119,4,4351,6919
360,45251,3905,3,6556,4736
361,59872,5377,4,4954,5154
362,27443,1335,4,5579,1479
363,51638,5077,3,797,6912
364,26687,3814,1,1554,8995
365,51189,2126,3,5570,5114
366,72600,205,3,3175,4485
367,18300,3922,1,5869,496
368,64106,4678,4,2104,3062
369,29394,678,2,3118,369
370,34997,988,6,685,6572
371,67832,5459,1,6288,2034
372,8810,1542,4,150,1349
373,43266,1597,3,354,2516
374,43536,5732,2,3834,7950
375,38180,2025,1,5923,1150
376,60943,3535,3,1171,6362
377,71445,4799,2,4554,2944
378,67996,4687,4,2842,8362
379,23008,3331,6,6798,449
380,37408,3081,6,3745,3156
381,6178,4981,4,1722,8512
382,17710,3704,4,5195,641
383,12388,2130,5,635,1014
384,36640,1187,5,1173,2842
385,4880,2376,6,2543,4725
386,37592,5250,2,303,3778
387,40349,1475,6,4276,4985
388,28730,5877,3,6261,3992
389,75734,3520,2,712,236
390,79754,5360,3,1182,2512
391,65101,1799,6,2882,1717
392,29921,311,4,3492,1829
393,1470,4265,5,1842,854
394,70723,2957,5,2494,4190
395,32873,2145,3,1991,6727
396,72650,297,4,805,3635
397,79057,2133,4,819,8169
398,65734,3683,5,5873,2191
399,65770,4647,1,6619,5114
400,17156,432,2,2822,6932
401,29062,65,1,6051,1372
402,5531,3099,6,2043,1521
403,47125,2554,4,1292,5039
404,2242,1426,6,4099,4164
405,70301,1426,4,4890,6325
406,53083,2790,2,5649,2794
407,46951,5201,5,703,8734
408,33278,798,1,5408,4057
409,40896,1735,2,1267,4715
410,19178,3287,5,2400,6515
411,49801,1964,5,3819,4782
412,54837,1920,6,1130,5005
413,31778,3359,5,4502,5335
414,29825,4723,6,2550,8773
415,16787,1399,3,6172,2098
416,20836,1759,1,1273,8361
417,30194,5921,5,2914,1139
418,10569,466,4,5543,2778
419,34855,154,1,3537,995
420,40015,5170,1,5670,2322
421,20014,4194,4,6945,1922
422,50532,4396,6,597,2397
423,55720,3997,1,6684,975
424,40600,5561,3,5334,849
425,743,3412,1,4308,6172
426,4803,2073,2,2825,5080
427,57040,474,3,5208,5753
428,29640,3850,1,1479,8124
429,29329,1814,6,1535,1927
430,35501,4680,4,4940,7292
431,67714,4088,2,3997,670
432,8131,1801,5,4784,1820
433,70225,1074,3,6955,7615
434,19810,2180,3,2447,4725
435,56157,4975,1,1792,1721
436,14111,4065,1,2579,8744
437,22124,3296,1,3890,1027
438,69819,2501,4,5383,7491
439,69533,2615,6,4241,3287
440,18087,362,6,2586,2027
441,62114,3449,6,5218,5319
442,69390,860,4,2565,4207
443,59211,2672,3,810,3495
444,13220,843,2,233,7341
445,66049,4049,5,1297,8469
446,36367,1281,2,3594,6222
447,45177,1567,6,2493,8169
448,78839,2291,2,4022,4597
449,1311,510,3,4125,1741
450,74836,4210,3,6476,8528
451,50941,3216,2,2227,5259
452,22388,5005,5,2528,546
453,60153,1393,6,3920,4646
454,19902,3117,1,6664,313
455,61252,3368,4,6567,3185
456,46121,3624,2,3698,6298
457,16406,3503,4,4426,4927
458,3456,3287,1,6108,7609
459,55146,1571,5,6835,5656
460,60881,5175,2,1315,948
461,10560,1341,1,2792,1732
462,16881,2928,3,645,8806
463,79520,3074,1,1446,5032
464,16488,5838,5,4932,5488
465,43109,4316,3,4577,115
466,67646,275,1,5003,7208
467,75758,5512,1,1407,6170
468,22372,3103,4,1972,7412
469,74207,2941,5,3261,3461
470,49153,217,5,3146,4580
471,60991,627,6,5260,1437
472,5265,4034,1,5948,5464
473,25309,4079,2,4153,505
474,51401,4828,4,2726,2895
475,14475,3042,4,750,8146
476,39514,1052,5,1655,8070
477,48997,228,2,6270,2934
478,11353,5825,2,348,4145
479,11866,1016,5,4835,8495
480,59955,5705,5,1102,8475
481,45898,3399,2,1126,5990
482,63941,75,1,5338,1824
483,17300,2782,4,3524,3465
484,30618,4946,1,4312,6488
485,76051,5936,4,3696,4126
486,77619,1686,5,2106,1450
487,49639,894,1,2290,3616
488,64085,4667,1,5777,3068
489,35751,3249,5,542,6200
490,21267,1179,1,5446,444
491,22159,112,5,3187,3194
492,44876,2229,6,4604,1122
493,60859,2492,4,6101,3623
494,22457,1001,1,5845,4876
495,7690,124,3,2732,5816
496,32655,3851,3,455,4086
497,49083,5820,1,243,4529
498,22414,3104,4,3292,2303
499,15698,2965,1,1858,4459
500,57458,3168,4,2885,765
501,59681,4112,4,5566,2356
502,17829,4679,4,2031,4789
503,62710,2225,6,4727,95
504,32895,1213,6,4444,7876
505,26804,4097,2,5665,3388
506,31394,2602,2,474,4266
507,78731,39,6,4260,8474
508,78897,5711,5,885,2761
509,49599,4734,6,1775,1799
510,44306,4292,5,442,5648
511,4451,64,1,2554,4108
512,21467,2198,1,132,873
513,11352,4549,4,1701,6044
514,34171,4730,3,6220,3826
515,21677,2572,6,2161,8278
516,39144,2347,4,1317,2158
517,65066,911,1,6091,4355
518,15758,4058,3,1371,5768
519,59460,372,4,2501,5845
520,8584,15,6,3845,5315
521,8632,1696,4,3973,5216
522,57426,2149,6,4958,371
523,55462,1641,5,4314,4518
524,73948,2870,1,1603,1137
525,24976,3792,6,1930,7773
526,74582,2398,2,914,4786
527,37070,4906,3,4408,5601
528,14885,2817,1,2405,7385
529,6900,3066,6,6415,7407
530,12025,1586,5,3502,1989
531,1796,2304,3,4506,4485
532,40715,931,4,5695,8391
533,50275,2942,6,5584,3595
534,14598,881,5,1627,563
535,52533,562,5,3528,4457
536,77113,780,3,3341,5064
537,20565,3713,2,5556,3599
538,70798,2524,1,6035,3736
539,78537,4619,3,6242,8607
540,66508,5997,4,1849,4788
541,51063,1735,4,574,5203
542,77598,2137,4,4828,2647
543,73764,3799,5,6684,8966
544,68122,3379,3,4866,74
545,64076,5229,5,4466,420
546,72815,1940,2,5057,2193
547,2174,492,4,938,5980
548,45301,5385,2,2621,7946
549,65405,4690,1,225,4626
550,33758,3652,3,4073,2464
551,29225,341,5,6428,6097
552,7161,4902,5,1762,3544
553,42317,3339,5,3298,3218
554,4542,5146,3,6260,5597
555,52968,1463,1,2316,2736
556,69350,3270,1,3049,7094
557,20351,1792,5,4641,7499
558,78752,991,1,1188,6085
559,70125,3674,3,6401,3097
560,11790,5285,1,3121,6749
561,55037,669,3,5938,3536
562,22312,2457,1,3347,6266
563,52168,2128,6,1305,7347
564,17718,3689,4,6564,8658
565,6957,541,2,4813,697
566,37992,1517,4,4109,3590
567,1717,5988,3,446,2316
568,17470,251,4,6718,6274
569,75671,5795,6,1831,5590
570,11109,4118,3,998,5319
571,10714,4828,1,3109,7267
572,21895,3459,6,2478,5287
573,18993,374,6,6848,3121
574,47776,5277,2,3511,1814
575,23754,4141,4,6422,7542
576,72642,5746,1,5331,3798
577,10719,1607,2,3303,2502
578,38614,2884,5,6809,1845
579,10710,864,4,6004,5139
580,3725,5212,3,1426,7039
581,8142,3389,1,4707,4673
582,67600,1375,6,1069,2561
583,68367,4130,2,3927,1347
584,10863,3326,3,4319,7493
585,2708,3148,4,2157,2728
586,59012,5312,5,1154,3509
587,23574,4023,6,6780,1053
588,12703,4835,5,649,584
589,52761,4723,5,2658,6165
590,73108,3617,6,1459,7245
591,33327,3666,3,4881,276
592,15203,4566,4,5048,2798
593,62297,5678,4,4420,3520
594,69400,978,5,805,4082
595,54767,3155,3,1955,384
596,65914,659,2,1057,6243
597,62652,864,1,5667,8036
598,25529,3281,2,2300,2102
599,54839,823,2,2875,4846
600,8727,3019,1,4485,6508
601,9027,5983,2,1133,8190
602,78450,103,6,5273,5687
603,37662,2509,1,2989,4323
604,37682,3010,6,6238,8911
605,21711,3009,6,1982,8693
606,15060,4175,2,5270,1003
607,12194,3123,4,6250,2371
608,65489,3877,3,2246,1250
609,73009,5496,1,2704,5827
610,49638,2141,3,2702,6572
611,67513,1940,1,4730,4905
612,16448,2389,5,3500,3810
613,9062,1425,2,6591,2653
614,60730,5256,1,3771,655
615,12397,5355,5,4612,4174
616,62373,1140,4,315,4152
617,19191,822,1,2037,4813
618,58088,3396,6,2985,1663
619,75303,5682,2,2306,356
620,69207,3564,3,4438,4710
621,10874,3214,3,6448,5899
622,66480,2605,1,486,6082
623,65198,1079,3,4967,6059
624,37035,1480,2,4169,6480
625,15788,5186,3,3458,6645
626,25547,3555,6,6528,1349
627,9839,3424,5,2392,3130
628,2524,1259,5,1460,8394
629,44720,4686,4,1962,2459
630,27137,699,4,6053,8469
631,64102,4797,5,1688,6795
632,29384,2730,6,5935,7287
633,75355,1980,6,3181,3671
634,17831,486,1,6534,7632
635,30913,1896,4,4654,8905
636,52794,5535,1,6476,375
637,77878,5607,1,3263,2826
638,9116,2208,2,6474,4405
639,15175,5046,1,2252,64
640,79341,5382,1,5374,3034
641,73083,5359,5,4670,4821
642,13513,109,4,733,5704
643,6564,608,1,2096,5309
644,77209,2271,1,4697,3805
645,65459,2161,1,4295,53
646,17867,1445,2,1461,4884
647,17144,5742,1,3707,1665
648,21448,881,5,2520,353
649,4888,2402,2,428,3376
650,61770,828,1,5764,2412
651,15686,353,5,1574,5164
652,29029,5713,3,6263,5077
653,45142,2943,4,3326,2312
654,20219,933,4,2887,6105
655,28535,5041,2,5275,1743
656,21912,2329,1,254,8730
657,64177,531,5,6463,2079
658,13633,1086,1,5811,6503
659,51219,5993,6,4740,5431
660,19973,3984,5,2620,8950
661,40382,4261,5,2322,6315
662,45756,4652,4,4692,3186
663,30393,3471,4,3839,7694
664,34008,5269,6,1632,6424
665,45678,3350,4,2694,1870
666,59790,1484,3,4125,6210
667,30421,5603,3,3068,8431
668,5906,5926,2,625,3506
669,25171,488,1,4495,5090
670,9785,5443,3,4880,3552
671,31478,1027,5,495,755
672,46107,4915,1,2463,5125
673,56298,4170,2,3340,2992
674,588,3036,4,922,7765
675,68384,1618,5,5330,8305
676,28131,826,4,869,6916
677,7683,507,2,5154,5345
678,717,4640,4,3363,8481
679,20785,4382,2,2043,6340
680,66389,1127,4,4649,3106
681,42329,4358,2,2023,4711
682,6403,1882,5,2339,6914
683,49122,1480,2,3393,4838
684,3011,4295,6,5439,808
685,20225,587,4,3078,1286
686,29320,1488,4,6829,3090
687,68646,2225,5,625,3809
688,20266,2893,6,4720,497
689,59618,3209,3,2624,334
690,60203,5413,6,3480,7170
691,15664,5188,3,5224,601
692,47017,3766,6,5235,5189
693,4149,556,6,2134,8092
694,55502,2707,1,1061,4653
695,26583,4512,5,4163,1453
696,6725,2088,6,4208,7470
697,13360,1113,3,529,3360
698,32084,5280,4,5462,3801
699,78248,231,5,2177,2257
700,47351,3717,3,4449,8487
701,74708,5054,2,5984,7190
702,47639,2461,3,4923,8143
703,13390,717,6,2869,6446
704,55429,1385,6,1838,6248
705,34210,3926,1,2597,464
706,55166,5855,3,377,7991
707,33619,945,5,476,8660
708,65681,5832,6,6404,5945
709,45704,3701,3,6468,8156
710,47539,765,2,2480,7854
711,25844,4588,6,3134,5455
712,23694,3343,5,778,5709
713,52812,382,3,2349,1433
714,13609,4188,1,6086,4577
715,67519,5869,6,5731,5961
716,6308,4242,1,3497,5083
717,12998,3928,3,5076,7673
718,76547,494,4,2522,6559
719,436,1447,5,487,4064
720,13414,1187,5,3944,8225
721,63242,3296,1,384,5901
722,56897,1829,1,2556,3697
723,16356,5480,6,2681,1341
724,42376,1173,5,610,5892
725,8066,1914,1,3803,6359
726,4832,2508,2,5703,2904
727,66100,5344,3,3386,2538
728,74981,5112,2,4194,324
729,64190,207,3,6133,8300
730,30572,536,1,3469,7567
731,54829,4534,5,5345,2126
732,44556,3189,5,6826,1012
733,62263,3593,4,591,1859
734,77669,5681,1,3321,6996
735,24865,1202,6,6676,1476
736,19118,4265,5,1722,4141
737,38246,3393,6,4050,7587
738,23629,3814,5,6542,7567
739,25618,4754,3,3614,7680
740,32291,696,1,2073,7382
741,24025,5821,1,2754,8717
742,27091,2621,5,2792,3677
743,49897,4959,5,1854,2430
744,41926,2212,6,2812,5070
745,30682,1883,3,2495,8284
746,28084,5804,1,2912,4278
747,67302,2457,4,4915,3824
748,78006,767,3,2976,1979
749,27099,1150,5,5535,746
750,12872,3117,4,1746,865
751,41927,4728,1,4938,6564
752,4037,5464,2,3466,1964
753,52403,896,5,149,7342
754,76452,4986,6,5204,8319
755,12814,4926,6,2479,2527
756,5514,5079,2,2927,8294
757,30506,5788,5,5590,7727
758,15030,3635,5,1995,7608
759,21117,697,1,474,91
760,58286,2917,6,3551,4315
761,11151,3379,2,878,5360
762,72015,933,6,102,2222
763,63443,3317,6,6002,8538
764,38937,1448,3,446,5791
765,75926,4996,2,3513,1511
766,34354,3330,5,477,8776
767,48437,5252,4,5160,2062
768,45841,3659,6,3106,4695
769,12750,2138,3,634,1160
770,58276,3735,2,4860,4963
771,47564,1584,2,642,3739
772,71083,359,5,1593,7538
773,27028,906,6,5986,3135
774,77653,1218,6,3255,7604
775,10229,737,4,6838,835
776,31951,3442,1,2804,1776
777,67588,3795,5,2593,5767
778,66960,4696,6,636,5296
779,23298,3019,1,167,6818
780,41769,1655,3,3234,5738
781,27085,1996,2,6570,1240
782,15050,876,4,6494,4357
783,46574,3523,3,4702,5611
784,13978,1292,5,6418,8811
785,76194,4550,2,1287,3854
786,68782,581,2,2582,4323
787,16577,1276,6,2376,803
788,66115,4280,5,3627,640
789,36226,3661,4,6987,6400
790,55768,3868,2,4910,8315
791,42850,1221,3,2298,6774
792,122,1443,3,2017,4971
793,73927,5213,6,3795,1467
794,32168,3819,5,2343,5016
795,73953,1850,2,6470,7533
796,44235,1216,5,2079,5624
797,45014,1813,6,489,4194
798,7642,5565,6,538,3479
799,2439,2041,6,2772,7009
800,65340,695,6,3935,7715
801,2414,5136,5,4576,7376
802,45454,2899,4,4222,1932
803,45352,1351,2,2888,8538
804,37172,2304,1,4851,3801
805,45106,877,6,6454,8836
806,26956,4580,5,5885,5727
807,59601,2636,1,2281,5026
808,78614,465,3,1140,5280
809,48508,4788,1,863,1411
810,7306,1444,4,6916,6664
811,67274,226,6,3787,1714
812,33450,3551,1,1672,1180
813,78654,4188,2,3966,636
814,24898,5375,2,4061,4291
815,38865,3091,2,2757,8941
816,33404,4458,5,6449,4609
817,6161,3286,4,5013,7941
818,55417,5792,3,6882,6540
819,49896,47,1,2495,4082
820,32551,5446,6,6518,6045
821,6263,2889,6,6776,5773
822,28487,2995,2,4502,6790
823,17620,388,2,6227,8991
824,66928,918,3,4498,7760
825,43069,773,5,5211,6782
826,28928,3258,5,2808,4768
827,52774,3186,6,1325,394
828,254,2260,3,5154,5778
829,6609,5261,2,4128,4094
830,52547,476,2,4144,8573
831,28268,3110,6,2560,7003
832,39971,51,3,4346,6778
833,55157,3415,4,4693,5191
834,52885,5201,5,4992,7706
835,61001,5590,4,2678,4679
836,61197,1823,5,4072,2059
837,31317,4848,6,5834,8110
838,3735,1668,3,4938,5340
839,49737,5658,5,142,2069
840,59711,5832,5,5693,8306
841,16831,1465,4,1384,818
842,37434,2278,5,4362,1837
843,52570,5331,6,806,1012
844,7555,2199,6,3358,5630
845,34716,2679,3,5190,8885
846,45335,4089,2,6255,4992
847,25054,2308,6,6464,8260
848,65385,4011,1,2418,3840
849,68521,2584,5,1991,2524
850,53548,3705,4,2312,326
851,70161,3002,5,1206,266
852,70967,2325,4,332,5299
853,7657,3126,2,507,7384
854,50201,4904,5,2264,422
855,31344,3493,4,5225,368
856,32156,1585,3,1894,2339
857,79944,4128,1,6886,1894
858,71888,3048,1,864,7744
859,29252,5374,6,473,7174
860,40018,320,3,1406,7095
861,28061,652,4,1247,2460
862,35811,711,1,6149,1584
863,19023,5823,3,1461,5004
864,73750,118,2,4792,3332
865,77484,1327,1,5594,4041
866,52441,3936,2,1590,5886
867,67164,5231,5,6607,6796
868,45050,5166,5,1809,261
869,16838,4555,6,184,3396
870,55423,5920,4,5411,343
871,10460,4761,1,971,6083
872,40920,4604,4,5366,6891
873,9750,2763,1,2158,2817
874,32866,2412,5,3595,4868
875,14475,3248,6,462,7707
876,28595,5872,3,3394,6863
877,14162,4028,4,828,6308
878,77475,700,6,1015,2945
879,17298,4083,3,3762,702
880,25197,3437,4,289,5459
881,31655,597,4,6489,1755
882,34925,4592,4,6035,2544
883,28391,3361,3,6040,244
884,15887,2044,4,3143,5027
885,36460,3487,6,2533,4078
886,13141,200,4,111,8559
887,36610,2821,2,4122,3365
888,76132,3139,5,238,6102
889,66206,4867,1,1732,5364
890,66940,1006,4,2465,3397
891,6827,1233,3,347,8746
892,78986,3224,6,3987,5586
893,7943,4310,6,3868,8586
894,63407,260,6,5587,8828
895,38794,2158,5,5020,5972
896,52334,1718,6,2856,1961
897,3674,5156,2,2487,5163
898,64443,5590,5,2666,1986
899,62383,4357,1,6006,8950
900,7469,4722,6,1700,4601
901,57892,4513,6,4965,4727
902,60930,260,1,787,4784
903,42315,4431,2,4214,1827
904,28700,5409,6,4505,6537
905,36457,5286,1,1023,6477
906,11840,3554,5,3815,4847
907,23941,1147,6,6393,7608
908,23050,4412,2,4360,7671
909,11494,4567,4,6407,654
910,71054,4760,4,351,417
911,42792,3032,2,496,4871
912,31470,302,2,6866,5195
913,77804,3012,3,3774,6136
914,42023,2282,4,5007,7545
915,76454,5013,1,1123,8510
916,32933,4511,1,1581,627
917,75133,4554,2,4049,8081
918,58950,3165,2,5475,6525
919,73761,1111,1,5922,8072
920,66214,1836,6,204,5727
921,11315,455,2,1928,2334
922,20186,5444,5,3017,147
923,36648,1453,4,3335,4960
924,32244,1150,4,3381,6957
925,48330,4416,4,1708,5096
926,54110,5130,5,3011,549
927,4060,3572,6,5218,3669
928,42360,172,5,2259,2645
929,49448,3787,2,3806,3382
930,1249,3090,4,3061,5281
931,67875,2689,2,6941,7178
932,73090,1292,2,6493,7408
933,78509,3122,1,5737,5843
934,22449,4922,2,4599,1426
935,66981,4021,3,5971,4760
936,52083,3020,3,6591,4209
937,22265,2965,4,5189,6557
938,76551,5581,3,3382,1448
939,66369,5287,5,527,8114
940,46301,2600,1,5519,1307
941,10715,1091,2,1831,6787
942,43931,4682,1,2090,4181
943,13092,4689,5,6470,8770
944,34655,5253,4,1055,7522
945,64805,1528,4,4208,1340
946,31534,3523,4,3230,2057
947,73128,2410,3,2342,5247
948,4861,2391,4,3958,8632
949,12499,1528,2,127,6467
950,50464,1533,5,3819,3306
951,79152,67,3,6993,7344
952,4674,4690,1,3481,5014
953,26728,827,2,2805,7325
954,38969,696,2,4709,4975
955,67081,286,6,5026,4679
956,40810,379,2,3074,6451
957,67482,2312,4,4850,4238
958,42545,2918,3,2834,5233
959,64761,2539,1,6766,7177
960,33615,47,5,1598,409
961,64635,4488,4,4014,7947
962,22018,3672,6,2211,3568
963,42813,2704,6,4733,2952
964,70340,1154,3,5185,5314
965,48924,4659,6,5701,6992
966,33727,2370,5,4938,2227
967,76791,705,1,3859,6254
968,45366,3060,3,1280,2461
969,77393,1346,4,6563,241
970,77677,3168,2,5301,4226
971,9751,4689,6,5144,8806
972,7026,2784,3,5071,910
973,50817,5819,3,4908,464
974,25415,5019,5,3719,7197
975,35269,1636,3,912,3224
976,70143,2197,6,2559,8451
977,52077,2386,2,4874,5534
978,27833,2290,3,4039,8119
979,46238,3792,6,3605,2125
980,42961,5840,1,5238,4810
981,73718,3833,2,6645,5498
982,55658,231,6,2464,7507
983,58815,4708,2,427,5691
984,7777,1979,5,1252,4811
985,16684,255,4,428,6628
986,30828,2299,2,1901,3308
987,78533,5003,1,6309,2244
988,18837,3185,6,2141,7694
989,2836,1499,2,6129,7617
990,9093,4368,4,3376,842
991,53445,4389,2,2420,8911
992,4985,1410,5,2039,3866
993,74801,5740,5,1376,8712
994,5269,2898,5,2194,2448
995,44663,3014,3,4436,5929
996,41248,2840,4,625,2635
997,38535,3178,5,333,5955
998,28477,1417,5,3471,1419
999,61160,2263,5,3123,1624
1000,38523,1273,5,428,8792
1001,58050,800,2,6872,5351
1002,26509,193,3,6332,727
1003,76298,1906,3,6455,6185
1004,3686,3793,3,4628,6538
1005,609,4642,2,796,1584
1006,52512,5045,3,4216,4946
1007,14596,4903,4,5583,2051
1008,41434,3350,4,4686,1580
1009,36620,4088,5,6066,3054
1010,69188,3196,3,1604,8715
1011,48942,720,3,560,1844
1012,61788,564,1,4718,5018
1013,76498,3239,2,2729,4464
1014,54312,3932,1,3031,5172
1015,20924,1942,2,2715,3429
1016,4461,4985,5,824,8737
1017,8387,2171,2,2044,1525
1018,58875,1742,2,2042,8979
1019,65603,1853,5,5503,3269
1020,64839,5069,3,4625,1557
1021,58413,1937,6,2258,1640
1022,77680,3079,3,6263,2790
1023,27878,1846,6,4130,1348
1024,67718,2455,2,6766,4984
1025,40555,798,3,5401,1273
1026,34945,3467,1,6645,6517
1027,40935,1177,6,6766,1042
1028,1200,1938,2,3973,3213
1029,70774,1088,3,4786,3931
1030,18348,142,1,3265,5220
1031,26985,715,1,2121,3269
1032,49887,4748,5,3790,8936
1033,24126,210,2,6826,545
1034,11075,2220,5,4332,6464
1035,46997,2188,6,1497,2149
1036,22841,2280,1,5400,8078
1037,78482,5634,3,392,8255
1038,61743,447,5,4543,8465
1039,4049,46,6,6075,8354
1040,16615,1437,5,2737,634
1041,36074,4500,1,2197,4011
1042,23145,4239,6,3570,3193
1043,41527,5844,5,854,4331
1044,8435,2797,1,4945,1786
1045,55335,4546,2,3357,1289
1046,36546,1651,3,5097,7493
1047,61050,4814,2,4700,3848
1048,78142,14,6,6232,6653
1049,26480,3564,1,5300,6612
1050,70795,5573,3,6064,7150
1051,49425,3770,4,5276,1239
1052,30429,3395,6,367,5546
1053,35444,3891,1,5904,6436
1054,46033,4633,1,5263,3940
1055,11959,4997,5,235,1702
1056,43278,900,1,1280,471
1057,71947,4344,5,6285,1629
1058,24122,4583,6,1506,4235
1059,51933,2827,2,2759,4858
1060,56931,2274,2,6497,1245
1061,33997,5006,2,4042,2760
1062,50038,5599,4,1277,5418
1063,11056,3843,4,5164,4039
1064,7211,3822,4,2151,1080
1065,65156,1097,5,738,1714
1066,65346,2840,2,4866,766
1067,38851,3133,4,6245,1967
1068,10295,2002,6,5434,6724
1069,59869,1691,4,1719,6438
1070,29359,690,1,5693,3598
1071,5970,2240,5,6491,5279
1072,38968,1540,1,6586,8374
1073,49792,4820,5,945,8281
1074,64736,1857,2,5755,4188
1075,46501,1006,6,4164,3514
1076,60949,2812,1,6501,4241
1077,44697,5609,5,2531,3844
1078,64006,1949,1,5990,6857
1079,79559,2587,5,6578,3992
1080,60519,5150,3,5932,3925
1081,31997,1077,2,1323,5265
1082,2602,4267,6,4377,5923
1083,78244,2436,4,608,4320
1084,16919,1393,1,6787,4769
1085,41861,2991,6,202,3160
1086,27239,4377,3,1569,4984
1087,55203,2873,3,4813,7222
1088,42192,2145,3,1059,1987
1089,29555,753,3,892,212
1090,64115,1458,5,3861,1608
1091,76719,1585,5,5110,8532
1092,57516,2778,2,4955,5770
1093,25027,1682,2,1708,1067
1094,58792,2248,1,5136,1459
1095,63706,3466,2,2247,6907
1096,47666,2224,2,1488,2442
1097,3917,982,3,5335,8238
1098,70772,443,6,5949,6282
1099,16577,5868,5,5335,5107
1100,19776,1383,2,6382,6882
1101,54157,5133,2,5474,5577
1102,9132,1713,3,1238,6952
1103,22072,3331,2,1273,6052
1104,35301,4853,4,4408,611
1105,4141,1727,2,2105,5761
1106,47612,4795,1,3701,7794
1107,5235,4012,6,5643,7065
1108,41450,4024,4,4150,2394
1109,22586,3579,6,6296,1508
1110,49007,4513,5,1280,6586
1111,51981,3607,4,1717,8466
1112,41911,2838,3,6097,5785
1113,74527,3444,2,1533,8570
1114,69098,4440,3,1486,5740
1115,62424,2508,1,3531,2883
1116,50898,3974,2,5618,5485
1117,55653,5123,2,2017,5117
1118,29609,4032,3,3649,2595
1119,47267,4258,6,673,1389
1120,36041,1478,2,2550,7190
1121,55307,1894,3,2124,1170
1122,30361,5306,1,4278,3962
1123,64363,4659,2,4433,1181
1124,15057,5101,4,1148,2530
1125,59353,2615,4,2213,1812
1126,34589,4719,3,3967,6321
1127,73742,4156,5,3711,3496
1128,3442,602,6,1663,152
1129,71924,4642,1,1461,4750
1130,67874,3058,1,6134,6735
1131,73260,610,6,6028,7915
1132,66833,1821,6,792,6407
1133,35674,1409,5,5728,3468
1134,47918,1963,1,723,2470
1135,12856,5084,3,5023,2000
1136,65428,1588,4,5500,1825
1137,44424,3899,5,6681,8503
1138,820,4098,4,5819,2063
1139,18307,1332,2,1423,8859
1140,10383,5458,4,5686,5687
1141,30434,2922,4,1281,1944
1142,30994,4036,4,4728,5678
1143,2098,393,1,5482,1725
1144,57430,4292,2,3468,7065
1145,47608,3213,4,5933,2692
1146,9867,1999,4,6013,6236
1147,45285,1020,6,4516,6906
1148,59342,5445,3,6730,7940
1149,40746,4300,4,6198,6879
1150,3432,4174,3,626,8008
1151,40240,5289,4,6707,3755
1152,69960,3339,3,3905,2179
1153,51856,4246,3,5403,1276
1154,40795,3383,4,3424,4697
1155,36510,4671,4,6106,1429
1156,51257,5839,1,2395,334
1157,56309,4975,6,404,1268
1158,54427,5530,3,2252,7805
1159,16953,4433,6,1914,8577
1160,30467,2232,5,1624,2776
1161,11255,4919,1,579,5170
1162,6312,3599,5,4556,1063
1163,58986,2082,5,6370,5962
1164,5629,3904,6,3792,4800
1165,41822,638,1,6764,5135
1166,864,90,6,2236,5579
1167,17760,415,1,2281,3702
1168,46064,2064,2,588,2929
1169,41021,2766,6,1298,6028
1170,69942,5007,5,1681,7730
1171,4349,5437,4,5196,4086
1172,9333,4570,5,3393,1782
1173,14597,5315,5,4407,307
1174,62939,678,5,395,303
1175,48710,1184,4,4177,6997
1176,38567,3758,3,2250,6625
1177,43465,368,1,5700,6850
1178,38614,3680,3,6981,1215
1179,62190,4364,4,1356,5381
1180,58923,3627,1,3314,4129
1181,40869,5801,4,3199,4810
1182,73042,5028,3,191,2262
1183,72075,1972,6,5472,4207
1184,62775,4727,3,5185,3539
1185,51734,3360,1,3873,7754
1186,7583,5598,2,354,7575
1187,74444,826,2,4709,7379
1188,37487,5031,4,2223,7344
1189,16129,304,6,5235,55
1190,1494,859,2,1503,7647
1191,11152,2032,3,6834,161
1192,62807,1334,5,450,6603
1193,65038,203,4,3143,3679
1194,37036,1866,5,1307,8838
1195,51278,3483,4,4445,4428
1196,61849,2256,4,5232,183
1197,59810,4545,5,2560,6328
1198,27777,4077,4,540,175
1199,59268,795,3,715,1267
1200,51817,4741,3,1409,1759
1201,1833,4109,6,1101,3726
1202,1182,4649,4,5277,8452
1203,7296,962,4,6386,299
1204,15329,3784,2,5577,3442
1205,74254,728,2,2491,5206
1206,61035,2236,5,107,3698
1207,50406,1123,3,1089,5209
1208,13308,4275,1,5985,7853
1209,56041,2043,6,2800,1929
1210,40552,1913,2,2333,6491
1211,12469,3766,3,6688,1663
1212,15822,745,4,1325,1281
1213,29014,4578,2,4608,6026
1214,74385,3492,1,2921,5270
1215,73658,2963,1,6667,7054
1216,10095,5812,5,2595,5187
1217,27514,3370,5,6303,8806
1218,8149,5618,3,2262,8133
1219,32862,3839,4,6183,7617
1220,49181,5032,6,5170,8145
1221,20900,2746,1,659,6930
1222,62917,3118,5,4271,1072
1223,74587,2872,2,429,4863
1224,70050,2864,5,4189,3286
1225,64898,3078,5,5230,3392
1226,27778,3963,3,5534,8932
1227,68241,5776,3,4109,153
1228,56906,3504,4,1219,3496
1229,70787,21,4,5295,6492
1230,28170,5359,5,6957,358
1231,21554,1638,2,4510,415
1232,11293,5137,2,2142,6041
1233,2372,769,4,594,1957
1234,20626,1419,6,294,6685
1235,62748,3607,5,3429,8847
1236,25691,2916,1,1569,7349
1237,29199,2578,3,1924,5136
1238,34962,4476,3,3546,475
1239,75667,1623,5,280,8759
1240,42862,4199,6,6417,8204
1241,16303,5582,5,3731,2264
1242,17442,3748,3,2024,8254
1243,27757,1498,5,381,7441
1244,47213,3104,3,3537,5592
1245,13726,1552,4,4051,1418
1246,76077,79,4,3387,3488
1247,27033,4172,3,6139,2631
1248,40124,2942,6,4435,5652
1249,20043,1115,4,1374,8821
1250,38170,5011,6,2222,8589
1251,68684,2367,2,3041,1453
1252,52005,5998,5,957,7855
1253,3233,2232,1,4710,8355
1254,15588,2098,1,2101,4462
1255,69838,2277,5,1404,2279
1256,15354,5265,2,5355,7114
1257,53904,5294,3,1774,4038
1258,79418,752,6,6973,2946
1259,13838,1321,5,5859,2157
1260,59943,3279,6,490,8461
1261,68538,3511,3,556,5477
1262,71859,5994,6,200,1712
1263,32750,2587,1,6902,6192
1264,58685,5628,3,5496,1498
1265,76200,4655,5,3947,2520
1266,66386,1069,4,1694,4019
1267,75185,88,1,4144,5585
1268,25701,1205,6,4835,534
1269,5966,1727,4,3244,7553
1270,72933,5441,4,3264,1652
1271,58261,950,2,2474,7729
1272,76546,4718,2,2471,8228
1273,79395,5293,6,4135,7833
1274,55689,1673,6,503,154
1275,7404,543,3,667,1203
1276,74340,1554,6,6166,7903
1277,62623,4867,4,6068,1199
1278,22169,839,1,2783,6252
1279,33593,2717,2,3184,2013
1280,21110,3702,6,5297,3567
1281,63978,2314,3,2155,1097
1282,41286,309,2,3827,1475
1283,6452,5753,4,1894,2076
1284,9992,962,2,5134,1207
1285,52278,1184,3,707,1219
1286,76171,513,3,5595,715
1287,23919,1787,6,777,7064
1288,14613,5601,5,6248,6193
1289,73126,3755,6,1049,8167
1290,16321,5642,3,2343,7816
1291,34392,1264,1,1756,6202
1292,40807,3772,1,6460,6860
1293,75843,3310,5,4720,5207
1294,72375,3117,5,6102,2316
1295,55402,18,2,4682,8391
1296,64958,916,1,1282,1400
1297,61375,2230,6,6008,7047
1298,19088,828,4,1473,4876
1299,72809,2862,6,3670,6896
1300,37898,4213,1,3969,2696
1301,46660,1887,5,2489,2968
1302,32229,3813,6,2982,325
1303,64812,3007,2,5858,2528
1304,32452,1406,2,6586,5256
1305,52948,5544,6,2670,8738
1306,68123,3866,6,4690,1853
1307,48868,117,2,4702,7161
1308,16747,5360,1,845,8039
1309,27987,5177,6,1420,2575
1310,50773,5178,4,1590,344
1311,1260,1216,6,6907,1749
1312,13776,5137,1,4657,8082
1313,21150,5103,4,431,6399
1314,78405,5274,6,301,1094
1315,58888,3439,2,6186,8962
1316,4952,1289,2,5138,3948
1317,59602,839,5,4277,6380
1318,4800,2609,2,6525,6729
1319,73249,2717,5,1566,8024
1320,57981,5820,2,1978,6986
1321,42711,188,5,3955,2001
1322,66745,3285,5,3429,7259
1323,669,671,5,3866,6370
1324,47985,1460,6,6560,615
1325,60352,2929,2,4346,8981
1326,77762,1879,1,5127,7497
1327,71900,2023,1,3966,3018
1328,75751,3430,3,4901,1761
1329,60813,5672,6,501,3588
1330,48869,3427,2,4582,6479
1331,58561,921,6,4298,5939
1332,58728,2783,2,5303,2133
1333,67330,1016,6,3254,139
1334,50053,5579,3,1576,6354
1335,11136,4280,1,409,7727
1336,13857,3,3,1873,8218
1337,27662,3636,2,4390,5530
1338,60753,3456,3,4067,5542
1339,53385,4239,4,6171,377
1340,34101,5246,5,5505,4402
1341,67608,5617,4,3592,77
1342,68322,829,5,2090,7501
1343,31002,4584,4,150,3096
1344,53182,3086,5,4952,1045
1345,1848,232,6,1163,1637
1346,77452,4884,2,5061,3533
1347,14647,2405,2,2010,4417
1348,37542,5242,4,1400,7004
1349,52913,431,4,403,445
1350,42194,5835,1,4743,7572
1351,62617,5832,2,5387,5858
1352,79611,3906,6,5121,7424
1353,32839,1173,6,6035,690
1354,14429,2175,3,5726,937
1355,3399,1474,5,2027,1883
1356,10974,5700,2,2769,592
1357,54017,4489,4,4267,8038
1358,42290,3385,1,3509,1518
1359,61285,5903,4,2599,3007
1360,20774,3815,4,650,2181
1361,38574,2499,6,3262,91
1362,77513,5479,1,6664,3994
1363,69167,5992,2,4690,5876
1364,13031,1802,6,2157,6638
1365,36000,1984,4,1383,4308
1366,14081,662,4,3662,8624
1367,74437,4738,6,284,5083
1368,60861,3754,2,1853,6938
1369,1152,866,3,3544,15
1370,35947,283,1,4011,2851
1371,66225,5324,1,5644,1626
1372,38453,2049,4,572,8234
1373,49057,4732,6,1700,5360
1374,61035,2271,6,2657,8821
1375,57695,5597,6,4390,1123
1376,42750,1305,2,1563,647
1377,15026,2943,6,4158,2870
1378,38184,1744,3,1007,2452
1379,55930,5229,6,6358,4402
1380,68559,1216,2,3477,720
1381,66621,5024,6,2017,2471
1382,59289,589,4,1540,2643
1383,3328,1449,5,3098,7422
1384,33249,2403,1,5377,7863
1385,58717,138,4,1919,8664
1386,58353,5166,3,4907,3411
1387,52769,974,3,5254,7749
1388,41020,1113,2,295,8183
1389,12453,4490,4,4870,5163
1390,47627,4377,6,551,267
1391,37318,5138,6,4585,466
1392,43805,1682,1,6053,3703
1393,48069,4664,1,5045,663
1394,26744,4514,1,664,1138
1395,40986,1843,2,1535,7011
1396,34442,3865,4,4522,8168
1397,26819,4575,4,751,3645
1398,22782,3418,6,3917,4982
1399,35014,2520,4,6590,3325
1400,39852,4738,5,5311,3324
1401,60530,4803,1,4022,7701
1402,59471,2292,4,6001,2506
1403,38477,4279,4,5346,3885
1404,37472,1549,5,2894,7752
1405,4272,4891,3,1718,1785
1406,29304,4841,6,3830,8589
1407,63730,1249,3,3474,5369
1408,68687,104,2,915,919
1409,22999,210,6,3839,7138
1410,10156,1692,2,256,2534
1411,56185,3623,1,6067,2726
1412,65439,1614,5,266,398
1413,5230,2553,6,1065,1910
1414,63194,5272,4,5554,5689
1415,30180,4106,1,4737,2993
1416,9678,4089,3,1868,3220
1417,61163,3995,4,709,2008
1418,124,2709,1,6782,8678
1419,60516,2563,4,3145,8363
1420,7841,5976,3,3894,6839
1421,44890,5524,4,638,6809
1422,24256,863,1,5914,1176
1423,53014,2595,4,5642,429
1424,66367,2772,4,6172,4725
1425,45333,4530,3,6905,4654
1426,27707,1723,5,2427,8641
1427,5167,2304,4,2332,7135
1428,40697,620,1,755,5009
1429,19783,1923,6,6258,2847
1430,3203,5405,3,5887,7558
1431,13974,261,1,1156,1141
1432,11012,2368,3,1711,8040
1433,46917,4853,2,716,7214
1434,45122,4810,4,5687,5975
1435,18911,225,5,3828,2651
1436,77929,1299,2,2152,3173
1437,32629,2541,5,5917,7636
1438,5450,424,2,6908,5639
1439,62380,134,6,534,3862
1440,28981,3369,3,2437,1904
1441,77763,5195,4,5564,7863
1442,7901,3727,6,275,7214
1443,27816,2732,1,1328,8438
1444,15556,3208,5,6980,540
1445,33672,4537,4,6300,6146
1446,37581,259,3,6458,1727
1447,48142,1542,4,3609,465
1448,16040,5719,6,3819,2388
1449,63842,3803,2,4190,1632
1450,76604,4831,4,1620,6190
1451,71416,2502,2,3043,5149
1452,28249,2810,3,5134,2534
1453,50312,1622,2,5761,8517
1454,29275,4578,6,197,6420
1455,11965,5461,4,6322,1000
1456,11468,1195,2,3488,8585
1457,68117,1381,6,5863,3026
1458,15952,2870,4,649,5962
1459,22499,2888,6,6703,7645
1460,22392,5421,2,2773,7686
1461,44152,2016,4,6181,7572
1462,22841,3843,6,6427,8739
1463,65872,5190,3,2376,1772
1464,36009,3179,2,766,3706
1465,21159,327,4,5882,8786
1466,62820,5665,1,1718,8119
1467,14113,701,1,6615,3817
1468,51155,928,5,4415,157
1469,73557,4252,4,3880,8140
1470,51693,2382,6,6160,2456
1471,43029,1306,4,3664,8736
1472,78144,3406,4,3152,4024
1473,16021,3847,1,2351,6565
1474,52729,1610,1,215,8988
1475,75433,2036,3,3416,49
1476,31205,5059,6,361,174
1477,58691,1324,2,6493,8908
1478,16363,5851,4,5508,6085
1479,79649,2410,3,3197,4657
1480,72257,2086,2,4731,7287
1481,51586,73,4,3554,7199
1482,47418,4195,1,3562,7954
1483,62657,3534,3,1423,1388
1484,5702,4593,5,4695,3807
1485,35210,5496,5,2926,4265
1486,54894,2030,6,2743,3061
1487,47189,3830,5,3876,8960
1488,9409,3121,1,4318,8586
1489,25785,531,6,5080,6925
1490,35544,4394,4,3884,5716
1491,50341,5022,4,5894,2521
1492,40262,5306,3,4121,7703
1493,46143,1798,3,762,4815
1494,37911,4940,3,2373,7829
1495,74855,3403,3,3423,4434
1496,28981,1459,3,6349,5717
1497,23690,1723,2,5047,295
1498,73540,2706,5,6273,8259
1499,24945,5266,4,5436,1703
1500,12254,797,1,4923,5228
1501,40447,5771,3,5310,263
1502,77821,3400,5,3735,8444
1503,57816,3418,6,5610,5218
1504,27827,5749,2,2896,1545
1505,65944,1744,2,4316,2566
1506,4797,1884,5,6619,7487
1507,67170,1122,4,2811,8847
1508,28827,4784,3,5940,3353
1509,38114,4290,3,5429,4311
1510,40903,4511,2,2366,2840
1511,7945,465,5,3569,4906
1512,19554,256,4,3149,3400
1513,14560,1098,4,702,1594
1514,78221,498,6,2455,2995
1515,57135,5102,5,1578,534
1516,53829,4216,4,6580,7039
1517,56118,968,3,4655,7115
1518,62600,108,5,3100,8923
1519,39256,2256,4,3829,7198
1520,43431,5980,4,5112,6108
1521,44828,5620,4,5636,7619
1522,58601,2022,3,2977,887
1523,64984,2910,2,4260,689
1524,53980,2526,6,6547,3907
1525,72308,4214,2,6840,2069
1526,26716,3659,4,700,1118
1527,21586,1831,5,6076,3331
1528,61507,942,3,6692,2443
1529,70305,1900,3,1743,819
1530,79996,811,5,4610,1559
1531,65825,4236,5,5948,5901
1532,17812,667,4,4607,2762
1533,66209,4073,6,5685,3095
1534,59132,4047,5,709,6810
1535,1964,1866,4,5840,7797
1536,42264,2531,4,6706,888
1537,31892,1804,5,5690,4158
1538,7557,4246,6,6098,8346
1539,45039,1637,5,2794,7940
1540,32693,3899,1,2640,4510
1541,40668,2045,2,3861,3695
1542,59054,612,1,5316,2540
1543,23518,1348,6,5393,5850
1544,67140,1982,2,1659,1752
1545,24735,1811,1,6130,267
1546,44228,4234,5,3600,1513
1547,39868,1118,5,4371,7934
1548,28858,5943,5,3752,2814
1549,78302,2698,3,1116,2589
1550,74622,346,6,1329,2556
1551,18740,542,4,2185,652
1552,41971,3842,2,3516,2015
1553,45969,4266,4,3627,4446
1554,4893,858,6,2934,4152
1555,15927,96,6,5769,1293
1556,78176,4175,2,4507,4040
1557,29771,1107,2,1931,2620
1558,72205,1820,3,952,7374
1559,32684,3079,4,2073,4465
1560,43304,4616,1,5798,2827
1561,55518,702,2,3191,8688
1562,32202,626,3,5711,8168
1563,35322,2448,3,1815,3762
1564,30441,5259,4,6333,4807
1565,79866,1163,6,3416,6432
1566,26630,2227,4,2625,3836
1567,34142,1046,2,5582,8127
1568,35337,4308,4,3288,5842
1569,6184,2188,5,6755,6537
1570,334,2157,3,6878,4424
1571,27186,3000,1,2945,5916
1572,18815,5993,5,5375,4682
1573,71269,2654,5,4588,3896
1574,19272,4879,3,1042,3058
1575,52047,4919,5,487,6094
1576,23997,2517,6,1153,4408
1577,49339,4081,6,4077,5278
1578,21104,4393,1,1543,130
1579,30181,2133,5,1361,5788
1580,65902,2230,4,4627,7072
1581,48629,3479,4,1060,5411
1582,52276,3681,5,3681,5727
1583,63961,4434,3,6140,934
1584,45090,1179,3,3532,3307
1585,21630,2774,3,1009,5533
1586,11300,5877,4,4576,2894
1587,40634,4139,2,4703,5305
1588,31995,1767,1,2993,5166
1589,27263,1485,2,1557,297
1590,50843,1162,6,1706,444
1591,2424,2275,5,1527,4274
1592,19017,2263,4,5347,6209
1593,54913,5584,3,5143,1921
1594,61145,14,4,2792,6171
1595,3643,3411,4,5255,8930
1596,4838,5473,2,6714,7310
1597,64362,2196,4,2580,803
1598,6769,4794,4,4353,1993
1599,31674,3032,1,2909,4220
1600,32724,2667,2,476,3492
1601,66556,1783,2,5452,4710
1602,34134,2041,5,5483,125
1603,38777,276,4,4649,500
1604,78432,4728,4,6191,4598
1605,36317,5743,2,2072,3635
1606,1842,4540,4,3040,5553
1607,49824,4956,6,3977,8272
1608,4294,5293,3,2022,2040
1609,33073,2204,5,4981,616
1610,40118,4766,1,5052,3130
1611,71782,4837,5,3798,862
1612,64032,3379,2,2710,8072
1613,41689,1794,2,5752,4089
1614,22275,5494,1,4505,3432
1615,74797,3344,2,1538,2258
1616,65014,3098,4,3504,2886
1617,1754,3656,5,3453,904
1618,51175,1534,1,4250,2933
1619,66321,3489,2,1584,4777
1620,73462,2795,4,1436,594
1621,64672,4952,5,6295,5782
1622,1228,706,4,1785,1883
1623,75414,3341,1,3143,1835
1624,38709,2694,4,3775,2870
1625,18918,3495,1,1728,6704
1626,65170,3471,3,2846,474
1627,76575,2652,2,5516,1093
1628,75446,3247,1,4403,4334
1629,65199,4831,3,2346,6848
1630,44391,384,5,3686,2497
1631,60465,3464,1,4118,4159
1632,41146,4264,6,819,5437
1633,7867,779,2,829,141
1634,47560,5312,3,3591,5971
1635,35010,665,5,3305,3819
1636,31595,1877,5,1453,8230
1637,51960,4467,6,6500,2201
1638,6701,5423,4,2292,7001
1639,68381,3044,3,6120,1696
1640,22010,2616,5,4946,4609
1641,60907,2740,5,5850,4707
1642,55452,5203,1,4369,4766
1643,11045,5004,2,2282,3894
1644,60119,3065,4,1421,8169
1645,13578,5392,5,4002,5385
1646,9399,2533,5,3043,4646
1647,35528,4257,2,4599,1071
1648,4213,1106,2,3973,4600
1649,30970,1754,5,2603,5521
1650,33561,2520,3,2636,1700
1651,59978,1962,5,543,1649
1652,31067,509,4,2597,8377
1653,65996,5631,4,6598,4148
1654,35430,5067,3,1290,8292
1655,36798,279,5,5601,7267
1656,71440,1703,6,3659,8536
1657,72737,4277,3,267,493
1658,26249,5928,6,6457,8996
1659,33901,3126,1,4753,1410
1660,16968,695,5,6466,6383
1661,71859,4308,1,1699,1542
1662,72052,2240,3,668,503
1663,36748,4981,6,2111,2652
1664,17415,5184,4,1515,8610
1665,41553,5346,2,5226,2354
1666,75897,1693,5,1442,3142
1667,48708,2067,6,5258,3898
1668,11936,829,5,181,1194
1669,74314,2244,1,448,7430
1670,65696,5084,4,1830,4134
1671,49920,384,4,4312,2083
1672,72605,3166,4,5201,521
1673,6502,3115,4,2007,453
1674,21452,423,6,1084,3719
1675,56900,3143,4,5180,1241
1676,57565,3640,3,4758,4892
1677,10837,4585,1,1868,936
1678,1267,5389,3,4615,4508
1679,45042,4496,4,6852,3117
1680,42196,5642,4,2760,7473
1681,67944,793,2,6456,7279
1682,39706,3714,6,5338,1280
1683,14961,5704,3,5556,5578
1684,37283,1169,5,5873,6286
1685,35300,1786,5,1777,8798
1686,62483,297,6,280,2028
1687,37178,4654,6,5745,872
1688,51874,5934,4,986,7808
1689,55042,4705,4,1408,6571
1690,35780,1923,1,4068,771
1691,48856,3158,6,2254,7340
1692,79312,2913,3,3825,4208
1693,12103,1360,3,4358,8011
1694,68411,3624,3,3588,2265
1695,40410,422,4,5178,5827
1696,18348,2349,1,914,3384
1697,53106,4671,6,3107,353
1698,19719,4108,5,736,6633
1699,28498,1923,5,778,2866
1700,31871,2008,1,1430,8438
1701,32696,3086,1,2549,6249
1702,60471,742,6,5729,1745
1703,59077,3874,4,3849,4819
1704,22134,5468,4,1609,3371
1705,42882,1303,6,5033,3951
1706,48491,360,4,2145,2022
1707,2710,4713,5,2010,7281
1708,13136,2021,5,6291,8902
1709,63469,4012,2,2447,3654
1710,51353,749,3,4282,6680
1711,13566,111,1,2742,8134
1712,71015,2100,1,710,5542
1713,58741,5298,1,4750,6827
1714,67994,5618,5,659,3375
1715,37038,157,4,2341,4381
1716,8567,3019,2,4737,2662
1717,17832,1943,3,4381,1133
1718,62235,3553,6,5884,1199
1719,35114,4393,2,4153,3430
1720,54596,720,4,4428,2449
1721,45084,265,3,5359,515
1722,12997,4783,4,5523,3837
1723,2417,4898,4,1023,1160
1724,75006,3854,3,1346,4254
1725,71813,2162,5,2016,8193
1726,11309,3989,4,4204,160
1727,68400,1997,2,6886,6539
1728,53956,4692,5,6644,2775
1729,46892,2232,1,2547,340
1730,20805,813,1,6321,5045
1731,36153,3628,5,596,72
1732,45786,4063,3,5051,7712
1733,46417,1173,3,215,2875
1734,39870,4240,2,5206,8938
1735,47956,3703,2,4159,8568
1736,59625,596,5,5749,1619
1737,36578,3113,2,353,3770
1738,35110,852,2,2645,723
1739,34594,1516,2,102,5740
1740,61199,3590,5,811,6603
1741,67343,770,3,6924,136
1742,59900,2789,3,431,4826
1743,31425,1805,5,5035,302
1744,46162,2670,5,2611,7455
1745,14483,26,3,5564,6444
1746,61635,3533,6,2395,2578
1747,76859,2578,4,5247,8661
1748,55338,4537,1,5936,1048
1749,12277,3108,4,5614,1532
1750,2103,3096,1,5208,1729
1751,32913,4071,4,4347,6188
1752,28656,1261,3,4860,1859
1753,16560,238,6,422,5243
1754,66524,4793,3,769,5644
1755,31560,4174,5,5055,1356
1756,52305,973,6,4740,6075
1757,33260,3942,4,3093,6068
1758,51726,5913,3,2453,1144
1759,934,14,2,4499,5998
1760,17532,1098,3,3906,2947
1761,29775,339,2,783,3321
1762,30636,5763,1,4830,727
1763,64439,285,1,5812,215
1764,7004,218,3,126,8902
1765,7523,5072,6,4991,6164
1766,12367,4810,6,1641,3843
1767,18906,2255,3,6387,7361
1768,68642,2466,3,4942,8862
1769,58186,5246,6,3241,1110
1770,52855,182,4,6702,5141
1771,60010,2065,1,5296,6295
1772,41115,3170,6,254,7912
1773,24568,857,6,4389,923
1774,36127,1870,3,1053,8107
1775,30614,437,6,4900,5412
1776,13130,2383,3,184,7943
1777,72589,445,5,6572,1793
1778,18275,2152,2,1825,696
1779,70502,30,2,5932,8068
1780,68169,2299,5,4258,7966
1781,20667,3220,1,1356,6847
1782,5289,2810,2,1506,869
1783,58166,2208,4,1286,5037
1784,78238,3343,6,1209,8258
1785,62547,536,6,2862,6896
1786,7154,3153,2,303,7911
1787,512,1064,1,5431,2416
1788,4208,964,2,1268,2729
1789,45393,1519,4,5009,2229
1790,68892,2976,3,3330,1582
1791,10509,4345,1,6875,1378
1792,46669,1641,2,5137,510
1793,127,2654,6,6694,3765
1794,21506,5198,4,1819,5297
1795,20448,2754,1,3274,299
1796,75489,1191,5,4006,3439
1797,77969,1159,2,144,7937
1798,30891,1112,4,1650,5778
1799,38417,485,2,2436,6743
1800,26202,2263,2,584,1870
1801,34465,2516,5,5179,1123
1802,19618,1739,1,2909,5110
1803,65907,4585,1,1109,1865
1804,23661,23,3,4863,6855
1805,21915,1920,5,319,4594
1806,15046,3401,6,6455,788
1807,4076,1353,5,1078,3964
1808,64273,1156,5,6598,1996
1809,31667,4887,3,1365,2547
1810,7552,4541,2,4528,5368
1811,6536,1900,2,152,8881
1812,57116,128,3,5154,5960
1813,42012,5233,2,1660,1965
1814,66666,3536,6,3579,6911
1815,57606,20,3,6073,480
1816,16096,1466,5,3038,1119
1817,65420,958,1,3560,1148
1818,38355,1714,4,6036,6827
1819,8165,2408,2,1777,4409
1820,73855,1779,6,3729,8407
1821,25868,1585,2,3551,7372
1822,29245,4798,4,4664,6214
1823,3934,67,5,2246,567
1824,61335,4197,3,917,8778
1825,8455,4843,4,2478,1943
1826,10816,5787,3,1162,159
1827,38296,2979,2,2431,2391
1828,60457,4883,1,5772,1749
1829,48729,3974,3,4615,2718
1830,41421,5523,3,6878,6909
1831,29271,5364,3,2637,6573
1832,43975,1617,4,4644,6423
1833,73660,964,6,1800,6897
1834,54048,1789,1,6840,2114
1835,39102,3277,6,4543,1892
1836,44070,5848,6,859,8754
1837,4324,5885,1,6356,463
1838,32890,643,3,4194,976
1839,17320,37,4,5414,7655
1840,48181,322,1,1156,3372
1841,27548,2179,5,4031,7471
1842,77720,2354,3,4615,4087
1843,32812,2822,3,2675,3200
1844,1146,3048,5,6911,8518
1845,15921,4558,6,1617,3026
1846,26962,1896,6,6058,8927
1847,15166,4917,2,985,7816
1848,44941,2130,4,4026,3508
1849,45437,5989,1,1917,6393
1850,57974,2363,5,865,1899
1851,51841,5705,5,5214,5228
1852,11414,1081,1,6254,2446
1853,67924,4645,3,120,5401
1854,44582,3551,4,4906,519
1855,65743,3946,6,4332,6610
1856,18910,2322,6,388,7049
1857,8926,2232,2,3660,84
1858,33114,5055,3,2756,8981
1859,61908,2139,3,1393,5367
1860,63811,3302,5,2807,3632
1861,29326,3074,6,5923,1876
1862,57221,5988,6,541,2473
1863,27001,5233,5,3814,255
1864,60224,1410,2,2398,8758
1865,54038,1588,4,2592,6394
1866,63598,4365,2,2680,1357
1867,30174,4977,1,1745,6846
1868,75004,5043,3,6462,3264
1869,26317,1232,5,499,41
1870,34746,4667,5,1088,250
1871,20226,2931,2,1372,3808
1872,4567,2205,3,1782,2852
1873,46762,5694,2,1682,6410
1874,79805,2858,3,3904,3603
1875,45767,1851,2,1600,7626
1876,67075,4983,1,357,7532
1877,61801,5166,4,6053,2059
1878,9374,481,6,3703,1026
1879,31683,1939,3,452,2282
1880,51115,2270,6,3373,3331
1881,41122,1554,1,3273,3242
1882,9411,3943,1,3128,409
1883,20449,1648,5,5299,2220
1884,76500,5910,3,326,2429
1885,54907,1986,1,532,1818
1886,5253,3229,6,1109,7969
1887,63545,5709,1,4804,1814
1888,11948,124,4,5041,5142
1889,29601,1396,5,979,248
1890,4332,5735,2,1134,6291
1891,69050,3311,1,4365,363
1892,76216,1338,5,6421,330
1893,2614,5932,4,5439,1574
1894,57492,1379,6,5234,8054
1895,68663,3454,1,5869,6964
1896,50791,3260,6,2948,4313
1897,53312,3955,2,1277,5518
1898,22568,4998,4,3761,750
1899,77179,5982,6,4141,4511
1900,3787,3071,2,1988,5102
1901,20301,5090,5,1009,7300
1902,74151,2040,1,1581,3547
1903,48786,2489,1,4867,8828
1904,25245,1805,5,2376,6479
1905,2943,4712,3,2400,8533
1906,22185,293,4,2445,6951
1907,21963,5248,5,6715,7484
1908,69390,18,6,5794,8037
1909,28955,2406,3,5435,3357
1910,12998,5513,4,6309,637
1911,19250,4828,6,3538,422
1912,43969,3492,3,1730,7819
1913,40020,837,2,2490,6242
1914,61569,2306,6,5202,2047
1915,41795,767,6,5243,2675
1916,22493,1889,1,5666,5401
1917,5185,1019,4,6680,6587
1918,12552,534,5,6563,5078
1919,22680,1627,4,3342,278
1920,13745,4121,4,705,404
1921,69061,4103,6,5551,6915
1922,11798,2288,4,4549,1753
1923,7152,5356,1,3281,1212
1924,43132,2409,5,779,4560
1925,49766,3045,6,4630,6968
1926,2163,4277,6,2539,8685
1927,5417,3013,5,5447,7707
1928,48530,5880,2,2812,8690
1929,48978,4651,3,6499,8648
1930,23411,896,2,543,676
1931,31649,5188,1,1394,4611
1932,70361,2962,4,3813,2012
1933,5829,1891,2,410,644
1934,25356,3280,5,3121,5452
1935,787,2125,5,614,2544
1936,2813,618,6,4742,3457
1937,73394,4629,1,1563,1113
1938,24890,42,3,3796,527
1939,66357,3297,3,2624,7271
1940,23140,5253,5,4572,735
1941,36554,4621,6,3317,5491
1942,22803,1196,5,4028,4027
1943,25663,3951,2,4922,6459
1944,26702,2266,2,4707,4052
1945,40201,2479,4,371,752
1946,61600,5319,6,4977,3489
1947,17929,4983,5,6396,1348
1948,64200,220,3,1443,2805
1949,44114,5816,5,5366,3084
1950,64546,1231,6,5550,1163
1951,23140,2011,6,5682,2704
1952,34221,1797,5,5413,4286
1953,31131,4319,6,3438,6482
1954,39790,2244,2,6170,2534
1955,1951,678,5,5022,2010
1956,23137,1844,2,1442,7527
1957,7084,5117,6,3690,621
1958,7362,2326,5,1297,6737
1959,21422,929,1,5921,94
1960,66238,4509,6,2222,2072
1961,7079,3404,2,1373,3219
1962,34146,207,1,4478,3187
1963,24846,4606,5,3515,8762
1964,46390,3565,3,4819,6687
1965,58840,222,4,3879,3192
1966,44269,4976,4,4351,2435
1967,15385,1416,4,965,5987
1968,68263,1005,1,425,5013
1969,35697,5577,3,1196,8364
1970,71378,2162,4,6772,828
1971,17637,5974,1,4595,7841
1972,10558,2667,5,5942,3103
1973,74501,3913,2,4821,8793
1974,42335,3116,6,2541,206
1975,6746,3675,2,6465,7415
1976,49288,1724,3,1065,2014
1977,13638,1035,6,1852,6237
1978,41310,5682,6,3067,7156
1979,3981,5522,3,1605,3211
1980,53670,1541,1,1993,7611
1981,61593,3898,6,6933,8718
1982,27725,5275,6,785,6052
1983,56210,4012,2,102,5037
1984,20388,1368,3,198,6682
1985,45253,4,1,2979,5122
1986,75595,846,5,3006,952
1987,17635,192,4,5772,3645
1988,36842,4828,6,3737,1284
1989,15822,3336,2,1742,5949
1990,24183,2228,4,125,2405
1991,8933,3737,3,5472,3794
1992,24573,3224,2,5003,1551
1993,79394,4829,1,1397,4988
1994,23707,269,6,6775,7729
1995,70075,2808,4,5002,2505
1996,45448,1592,5,712,3300
1997,60827,2009,1,143,5656
1998,29548,1449,1,4021,8453
1999,57292,3431,6,5009,4279
2000,68908,4493,6,536,5228
2001,32254,2665,4,3636,4910
2002,51379,3974,3,5876,3484
2003,29051,3110,5,6735,8082
2004,11663,457,4,5396,8962
2005,50513,2455,3,6050,272
2006,13721,1758,4,821,5772
2007,56566,2036,2,4987,384
2008,42027,4220,4,6964,3856
2009,40023,5152,3,6747,1432
2010,13623,313,1,1221,7753
2011,21245,1016,6,5429,7718
2012,7041,5396,2,4469,2241
2013,55705,33,6,3738,2095
2014,74773,2982,5,4434,6083
2015,13524,1106,3,6540,404
2016,32501,841,4,4742,1157
2017,24850,4981,5,5933,8292
2018,31173,2810,1,6492,5262
2019,23309,1,1,6999,3180
2020,49149,2463,3,3981,8671
2021,27249,5864,6,6968,5280
2022,79402,1047,6,3980,8378
2023,51126,1392,3,4892,1132
2024,20317,5221,4,3983,1983
2025,33763,4136,1,791,5973
2026,20222,802,2,3191,5897
2027,45462,5554,5,810,5922
2028,16882,1749,2,5830,7335
2029,14627,252,1,5147,4432
2030,23749,5279,1,4686,550
2031,65098,83,3,3944,5830
2032,39430,519,2,6497,5402
2033,70840,942,5,4373,5364
2034,19481,234,4,2361,205
2035,1532,3238,6,3976,1416
2036,30693,3319,6,3298,8597
2037,12913,1787,1,1852,2544
2038,56566,2243,6,3383,2585
2039,34806,3820,3,247,2602
2040,34210,2936,1,5209,109
2041,53675,3938,6,398,4931
2042,12683,581,2,2206,7584
2043,51211,2454,4,6235,7869
2044,72976,334,4,2622,1715
2045,20951,2820,5,1039,5708
2046,21767,3934,5,1676,8761
2047,37883,2175,6,2383,198
2048,60432,353,4,594,3734
2049,75037,5149,4,2739,667
2050,63761,3143,2,1707,8916
2051,29542,5983,3,5823,55
2052,11073,1180,6,764,7105
2053,65485,4567,5,4108,5379
2054,70,3980,2,2091,223
2055,39387,1588,6,5204,2378
2056,74669,3202,1,2595,6508
2057,79259,2825,1,589,3615
2058,17344,2618,2,3223,529
2059,26154,296,5,1946,4469
2060,63000,4210,5,4800,3935
2061,47219,1902,5,1169,7228
2062,60777,2963,6,5715,2424
2063,36378,5361,2,738,746
2064,51438,550,1,3667,4129
2065,66895,1425,5,5914,8911
2066,26964,1116,5,3320,7966
2067,36377,5803,6,1952,738
2068,74653,5493,2,6966,4149
2069,4206,753,5,4438,1143
2070,48662,489,3,108,7456
2071,57002,2296,1,4475,7374
2072,16206,3385,5,3453,7193
2073,30944,207,5,1156,4987
2074,47311,2976,6,5995,1812
2075,34227,2886,2,5044,2817
2076,38298,437,6,5615,2318
2077,34419,2351,1,3758,5048
2078,57192,1190,2,5591,1799
2079,74898,3694,3,3137,6859
2080,69344,4503,5,661,8894
2081,76689,2580,4,811,8332
2082,53379,1039,5,6781,5335
2083,20645,1898,2,6270,3558
2084,1961,2371,4,4673,2009
2085,39012,1347,1,3889,7250
2086,55593,2784,5,4641,1388
2087,25723,477,1,1601,2054
2088,30509,4075,2,6807,1680
2089,79340,4865,5,1503,5746
2090,67532,754,4,4914,1815
2091,20119,3218,1,4755,7907
2092,43943,4031,5,1788,910
2093,39542,3771,3,4811,7506
2094,12710,5473,6,3020,6135
2095,21164,5164,5,552,5085
2096,29780,1304,2,3096,1553
2097,62390,526,5,3768,2055
2098,522,141,3,2714,3541
2099,21049,5473,2,921,8015
2100,7923,4753,5,4691,3236
2101,68946,1024,2,3251,4827
2102,16647,5734,4,717,2353
2103,72826,4726,1,6586,6849
2104,71800,4925,3,6557,2473
2105,48848,4723,1,6070,8482
2106,48335,3325,6,725,620
2107,5633,3736,4,5064,7731
2108,52846,3123,1,5597,1412
2109,73150,1798,3,6876,8483
2110,73938,2874,2,5712,474
2111,6815,5637,6,328,8560
2112,75610,5767,5,5252,404
2113,21261,5745,6,2003,4311
2114,68534,5370,2,5228,4413
2115,59794,4143,2,2209,2706
2116,61862,3636,6,3187,5837
2117,30350,3203,1,2574,3739
2118,66931,943,3,1962,5939
2119,41237,3551,5,5054,649
2120,3756,4283,1,4823,8709
2121,46361,5127,2,6876,4601
2122,36444,731,2,6563,8171
2123,30110,3805,1,1728,1312
2124,22194,75,1,390,4392
2125,36467,4507,6,3159,1355
2126,30529,3188,1,6586,4898
2127,11205,3265,6,4203,3978
2128,48259,268,2,2283,2421
2129,45633,4702,5,2380,8083
2130,30830,2339,2,5690,5934
2131,61942,3443,6,4176,4846
2132,29516,2492,5,4025,139
2133,56183,2730,5,6238,1193
2134,67188,3773,3,559,1907
2135,44377,4774,3,6203,5062
2136,46733,1770,2,1811,8242
2137,7187,1830,1,1111,6276
2138,78630,5374,4,1296,36
2139,6333,4013,4,2030,3563
2140,74074,2222,4,2883,2479
2141,20952,4944,1,5398,4747
2142,69358,5591,3,2626,3579
2143,10479,2233,3,2981,2466
2144,18560,5317,6,4704,1235
2145,36619,613,5,3780,7247
2146,50617,5754,1,5352,8612
2147,42027,438,2,6738,7692
2148,57741,4264,1,385,1810
2149,40355,98,4,5697,4909
2150,69709,36,5,5908,5398
2151,53056,5358,5,4261,1501
2152,33806,2650,2,2818,5111
2153,57361,1261,5,2083,4365
2154,33727,556,2,4236,3945
2155,42202,74,5,4059,4966
2156,68171,1732,5,1306,8048
2157,29333,1318,6,4251,2142
2158,26829,3982,2,1130,1687
2159,38315,3133,2,6349,6092
2160,64246,1454,3,1989,353
2161,37191,5647,5,247,7621
2162,69899,3653,4,6025,8902
2163,24060,3155,4,5245,4618
2164,23516,124,1,6971,1513
2165,23971,5972,5,963,8702
2166,36886,634,1,1793,4881
2167,23618,1433,4,6585,6259
2168,52984,655,4,4835,6051
2169,24927,2635,1,2614,731
2170,7435,818,1,5793,5312
2171,51778,3822,6,4916,6413
2172,25694,5236,3,3349,4117
2173,63461,5732,4,4544,5453
2174,21734,5257,4,4966,8352
2175,73958,759,6,1040,58
2176,53813,720,1,2055,4167
2177,5393,4105,4,241,3748
2178,50860,144,1,3562,4610
2179,29434,3170,1,122,3960
2180,26950,4361,3,6511,3319
2181,7010,3318,3,6880,5326
2182,45647,4085,4,5907,8901
2183,19529,3931,5,5282,5345
2184,50008,126,5,5227,2657
2185,77233,2296,4,2095,7801
2186,15577,5156,6,668,2565
2187,7761,4929,3,2532,5731
2188,65396,5533,6,4541,877
2189,24522,3818,6,2079,6225
2190,45498,2439,4,1184,8110
2191,70316,5821,1,2269,7384
2192,77266,2002,5,5284,3480
2193,7201,971,5,5391,4559
2194,55829,239,6,385,657
2195,4223,5672,2,3144,3852
2196,14407,3088,2,3095,1983
2197,33843,3232,6,4684,5530
2198,32931,2010,2,5592,4005
2199,41625,5654,6,4073,6546
2200,7879,3563,3,5199,873
2201,36702,4196,4,2754,3594
2202,29482,4666,5,1592,8963
2203,52660,5230,4,1090,7081
2204,40187,644,1,1922,2271
2205,8687,1215,5,5835,2085
2206,2366,4490,4,1108,256
2207,58560,1707,2,6514,8052
2208,4733,3004,3,759,1362
2209,68882,2232,3,4425,6440
2210,21751,3289,2,5429,695
2211,65837,4335,2,6955,4072
2212,69535,436,5,1969,177
2213,27546,5226,4,1913,2597
2214,78180,4678,2,3367,8943
2215,59660,5822,6,819,3502
2216,16431,5675,2,971,5222
2217,1416,4971,1,5957,6257
2218,79550,5755,3,5973,7519
2219,73686,3003,4,2337,3237
2220,45856,785,1,3052,4441
2221,49663,5467,4,155,6673
2222,71259,2,6,1319,8438
2223,43072,1719,4,2795,3764
2224,31275,1983,4,6471,7495
2225,79831,5016,6,5806,7172
2226,19576,3823,1,1302,7933
2227,41979,5229,1,1804,2055
2228,58163,4665,5,3406,4836
2229,58021,21,3,3656,2622
2230,38742,1175,6,4991,985
2231,10882,568,2,4399,5349
2232,36526,2893,6,4920,4132
2233,568,5719,4,2362,2494
2234,5243,891,6,3703,108
2235,34950,4917,2,1726,4911
2236,7120,5280,1,1426,3428
2237,16843,5552,2,2659,4478
2238,12210,526,5,6507,7967
2239,45429,1365,3,798,6010
2240,64791,2595,6,4094,6669
2241,72857,5198,5,2206,6488
2242,2028,1106,2,5902,5677
2243,5434,872,1,5808,3284
2244,70910,3037,2,3589,1520
2245,6046,1250,3,5326,2335
2246,54904,3966,3,2288,8700
2247,46777,4834,6,3580,5840
2248,55298,477,1,5302,4671
2249,56795,5067,3,5922,2677
2250,59338,4963,6,1976,3004
2251,4088,3028,6,6977,6321
2252,15135,2353,2,3247,2324
2253,15940,2549,3,5466,4225
2254,40424,2989,2,5164,6968
2255,70710,2782,5,939,4993
2256,6204,4339,2,164,2119
2257,56013,4301,3,4644,4062
2258,18550,5345,3,1164,5996
2259,41576,1612,6,5485,5416
2260,17486,1388,4,953,8909
2261,11102,3434,5,2388,2334
2262,44896,5049,4,1590,3749
2263,78102,2889,2,2766,1535
2264,17446,5730,2,6642,1561
2265,74222,406,1,5967,8202
2266,73338,4697,2,221,1422
2267,26291,2358,1,6130,6175
2268,63383,2461,4,4906,392
2269,75151,2119,1,2874,758
2270,49678,764,1,2848,901
2271,17939,1006,2,6696,5884
2272,38335,5189,5,2192,7441
2273,6788,1987,6,4700,4102
2274,58970,5962,2,444,2714
2275,3412,1690,5,2163,7948
2276,77714,1989,3,3450,4363
2277,38930,900,1,3343,4306
2278,2648,3750,3,6939,4535
2279,34887,1483,5,4766,3794
2280,10299,3430,3,5339,4529
2281,25510,4498,3,5876,5431
2282,72380,2095,6,3348,8872
2283,19911,1991,6,6025,4032
2284,54761,1836,5,5994,8428
2285,33121,715,1,5900,5056
2286,63295,5925,4,4440,7781
2287,33657,1224,6,1614,8720
2288,72738,4637,4,5663,6072
2289,70377,2309,5,1499,3998
2290,38263,5805,5,134,1357
2291,54701,5038,6,2998,6584
2292,6572,3090,4,3539,8104
2293,28620,3864,4,5345,6016
2294,31712,1035,2,1771,6327
2295,13317,3530,4,2523,7299
2296,52447,4950,2,5025,4337
2297,57774,5798,4,1042,2370
2298,21962,850,1,3778,7687
2299,18467,5487,6,2898,3228
2300,27625,5349,1,4119,5400
2301,57254,4578,3,5997,6762
2302,49076,1098,2,6019,192
2303,43344,460,4,6738,5268
2304,62705,5953,4,3179,8606
2305,66185,5453,1,6311,8204
2306,13932,336,1,1857,7120
2307,52272,2514,5,5804,7695
2308,27768,1437,5,4025,4215
2309,26472,1666,4,1257,4836
2310,44739,834,2,678,5116
2311,22013,583,6,5780,376
2312,37429,5576,2,5695,3465
2313,60403,1016,5,1522,8900
2314,34086,5397,3,5923,512
2315,15224,823,1,2746,3740
2316,13345,4327,1,2721,2444
2317,73929,2037,1,6240,7335
2318,13192,2594,2,170,8033
2319,55970,330,4,889,4575
2320,58415,5688,2,918,5402
2321,64493,3033,3,3297,8773
2322,23507,5726,6,800,4742
2323,34045,1424,1,5668,2131
2324,28463,5945,3,1625,8621
2325,55600,4287,3,2004,166
2326,14858,3859,3,6769,6077
2327,73288,88,2,1331,6735
2328,24303,2460,4,6561,8461
2329,18102,1531,4,6050,4152
2330,32990,3272,4,2161,4505
2331,63125,3671,1,1217,7162
2332,50549,1566,3,853,2463
2333,56176,4503,5,2897,1047
2334,18057,550,3,3758,3252
2335,2633,1311,5,2942,8618
2336,71958,125,2,270,1874
2337,16062,824,3,1625,7725
2338,59359,581,6,5153,7305
2339,49960,1263,4,1869,8001
2340,25519,558,2,2748,8531
2341,68916,1358,5,6613,5416
2342,38928,139,6,198,3986
2343,28088,4037,1,4000,7564
2344,55227,582,2,4913,8360
2345,36303,5913,1,2852,6760
2346,77199,521,4,4805,5239
2347,70054,507,3,1785,1281
2348,40903,3862,3,886,3987
2349,17964,4455,3,474,7068
2350,62317,2353,1,220,3013
2351,79347,3799,4,4770,7067
2352,50342,399,4,6168,1444
2353,48988,3359,6,1805,7205
2354,2710,4815,3,5252,7195
2355,53823,5815,4,2801,7959
2356,57014,3755,6,161,6864
2357,7860,407,3,1570,7092
2358,75427,107,5,2503,1013
2359,1326,3544,5,149,2548
2360,78986,30,6,1759,8370
2361,7434,2865,5,3199,4956
2362,13824,3743,4,902,8160
2363,13839,5988,3,1558,6164
2364,6636,5998,1,3169,1823
2365,54260,1165,5,709,6345
2366,73766,1465,6,642,3874
2367,76045,206,5,100,1976
2368,1894,4681,3,757,77
2369,2732,2401,5,2067,4653
2370,49750,3742,3,4641,1213
2371,44200,5793,6,1650,3066
2372,37687,2473,4,1734,8224
2373,21427,538,5,4219,4834
2374,45683,2034,4,4976,1849
2375,77378,3989,3,6502,1285
2376,79664,620,3,1964,6232
2377,57247,1029,4,5252,820
2378,15843,1386,3,5308,3295
2379,29400,840,4,6589,2290
2380,28773,3274,3,561,1084
2381,11480,1781,3,221,2528
2382,48968,1051,4,5697,894
2383,37054,437,6,3315,1074
2384,35101,5852,3,813,50
2385,71749,3496,3,2752,1305
2386,64038,2818,5,3874,6163
2387,64931,2022,2,3255,3008
2388,22770,4737,1,416,2219
2389,65996,2099,2,6161,2305
2390,48280,5922,4,875,5502
2391,51204,4263,1,3562,2377
2392,79349,1705,2,966,6658
2393,77380,5157,2,6060,3945
2394,66717,446,5,4906,8319
2395,71574,3637,3,6019,2055
2396,999,1818,4,4517,5808
2397,78676,3762,3,4246,196
2398,76480,1171,2,5727,831
2399,46420,86,5,3678,3130
2400,34568,2825,2,2326,4516
2401,23279,1171,2,297,2938
2402,51224,3752,6,4944,3026
2403,20209,4719,3,4706,8137
2404,59049,3970,4,279,6585
2405,29319,5822,5,6485,8748
2406,56621,812,2,2969,2748
2407,38843,3748,5,129,3107
2408,51790,1224,5,5750,3638
2409,55468,1215,2,1907,6934
2410,45864,4559,2,6114,1665
2411,77367,2048,4,6737,2587
2412,20802,393,2,2351,1458
2413,73688,895,6,1944,5253
2414,39277,1394,5,1935,3511
2415,25923,2364,4,1597,7894
2416,14890,2152,2,3249,7274
2417,32076,1778,6,5658,616
2418,71968,2385,6,1918,8466
2419,48372,3181,5,1821,1714
2420,70187,5224,2,6246,3190
2421,49553,3179,6,2608,4766
2422,64972,3236,3,2478,1120
2423,20473,2953,3,3495,15
2424,65202,3488,4,4254,915
2425,15224,5303,3,4868,3255
2426,58420,5242,1,2481,8018
2427,25912,5547,2,5782,8696
2428,68471,2279,1,1638,410
2429,32501,5741,5,4769,3234
2430,1573,3716,6,5650,3723
2431,37895,323,2,4912,8392
2432,34590,2610,5,830,7687
2433,4378,2040,4,2398,8607
2434,71377,3127,4,6158,8794
2435,13835,1735,4,1753,2416
2436,15306,4431,6,2226,1665
2437,57417,1203,2,3276,5871
2438,34799,2234,2,5732,6044
2439,23804,5350,5,1351,8076
2440,32785,2879,5,4501,7037
2441,23027,3100,3,5757,6339
2442,14941,5019,4,2148,5476
2443,15448,1739,3,6064,5695
2444,78048,4047,2,3607,5860
2445,20029,176,3,2698,5547
2446,66780,2403,5,3475,973
2447,12531,803,4,4994,4099
2448,29311,1624,5,6556,1863
2449,479,1719,3,4479,8354
2450,13186,404,3,5068,7981
2451,1390,1822,3,4610,1060
2452,53662,2068,1,6864,693
2453,34663,2418,1,3400,7579
2454,11465,5301,2,6022,137
2455,8575,4854,5,2436,6695
2456,4239,4680,1,3503,866
2457,43224,2708,4,3423,5445
2458,71952,1591,4,1779,4017
2459,66558,918,1,2052,7362
2460,36947,4988,2,844,7564
2461,41511,889,6,6084,341
2462,31710,2557,3,5164,3115
2463,63854,4484,3,2243,6230
2464,20267,1487,6,5841,3292
2465,75939,203,5,4563,2541
2466,44933,595,3,497,1201
2467,47740,5577,2,5143,4571
2468,935,52,2,6084,5259
2469,61156,5859,6,244,8135
2470,62061,4912,6,3526,5558
2471,2347,4077,6,4826,4987
2472,28579,1403,6,681,2461
2473,37015,1175,6,6247,75
2474,18282,2748,1,2447,1299
2475,77991,5162,3,961,3893
2476,4064,2697,6,6515,2893
2477,24074,1130,4,5963,8712
2478,63172,2510,6,6865,516
2479,13760,329,5,5801,937
2480,5957,3511,5,3596,6775
2481,4954,2566,2,1275,6147
2482,46906,1943,4,3532,3401
2483,9334,5286,2,2899,7048
2484,10756,3480,6,682,6200
2485,69269,5859,1,5895,8996
2486,18959,2611,4,1598,8460
2487,47630,2631,3,116,201
2488,16951,1954,1,4050,5283
2489,47268,2316,1,6937,179
2490,53470,2562,4,1882,5741
2491,14911,5060,3,3521,5121
2492,54646,3772,1,4499,2581
2493,27230,2516,6,5455,3900
2494,74945,1777,5,473,5459
2495,15345,4286,3,5430,2824
2496,67167,5987,1,2186,7346
2497,60600,3047,1,2709,7148
2498,38249,4411,2,6440,7329
2499,48869,3232,2,3400,6435
2500,39481,2037,2,4664,1540
2501,73887,1869,2,713,5789
2502,52899,543,5,4524,5196
2503,6299,1444,1,5571,2208
2504,52927,3235,5,3430,5389
2505,10995,1272,4,4655,857
2506,53857,4405,2,2383,5451
2507,43159,2547,6,1563,3210
2508,10804,4438,5,6323,2456
2509,59419,3802,6,6978,7668
2510,69465,458,6,2577,7987
2511,57120,3600,1,4536,934
2512,31731,1973,3,768,3267
2513,61272,3102,2,4339,8783
2514,70690,218,1,2800,6195
2515,1540,1098,5,6903,3310
2516,41882,5228,5,4348,5556
2517,9714,4902,4,3960,3593
2518,54928,1920,1,1582,2484
2519,77475,823,3,1187,8621
2520,61888,237,2,2946,7811
2521,50667,4828,5,2367,6423
2522,50644,5946,4,519,7023
2523,62781,1940,5,6169,5906
2524,20738,5289,5,2522,8446
2525,78271,3761,1,2763,1587
2526,9935,5016,2,213,8104
2527,5970,239,4,2173,7072
2528,11885,4079,6,1046,5121
2529,58536,2134,6,2475,1340
2530,75184,244,5,2062,1052
2531,68198,1278,5,5934,3360
2532,24844,5966,6,1149,4884
2533,78013,5287,5,4815,2810
2534,37764,4726,2,3970,6264
2535,36853,5094,3,5412,3275
2536,39484,829,4,2890,2880
2537,37425,943,4,1539,5698
2538,70204,3586,4,1383,1323
2539,61087,3259,3,396,4341
2540,32421,1399,4,3339,7886
2541,64109,2150,6,3142,3301
2542,74111,3306,2,437,5476
2543,1301,2923,2,3837,4450
2544,61465,306,4,1171,4239
2545,52982,4219,3,4937,5580
2546,74436,4566,3,1501,4047
2547,28422,2608,2,892,2986
2548,23351,3843,6,5228,1943
2549,30896,394,3,2985,5096
2550,62890,5813,2,4415,4186
2551,74774,1500,5,6635,4913
2552,13143,2605,6,3884,3884
2553,37937,4497,2,1048,4751
2554,6269,3302,6,2521,8767
2555,13394,503,5,2797,4368
2556,63663,5692,3,3646,8909
2557,68378,3458,5,6365,1710
2558,8288,4325,5,3555,7508
2559,20817,5886,1,742,1743
2560,5312,5619,3,113,6871
2561,10184,4994,1,886,3000
2562,25062,5815,3,4436,4385
2563,13819,5424,2,396,7250
2564,63803,3075,1,932,692
2565,15609,2935,3,3223,8604
2566,12295,4112,5,2484,6349
2567,66206,2534,5,1962,2719
2568,2648,1196,5,2739,8392
2569,21916,2554,5,195,4384
2570,78016,3428,6,205,4617
2571,35435,2520,3,207,1188
2572,67200,4555,1,6341,195
2573,16861,3391,3,1097,3231
2574,17349,3377,1,2231,3765
2575,4599,3516,6,2978,7828
2576,49474,1952,4,2732,2697
2577,4897,5116,6,1510,5665
2578,49447,5848,3,4012,3662
2579,25024,2505,1,6598,2340
2580,70232,1323,5,6969,4192
2581,19367,4360,6,1991,6121
2582,20774,5609,3,5054,3227
2583,14503,4018,4,1694,4453
2584,26678,3484,6,5209,3571
2585,24715,1109,5,1126,5339
2586,65275,5522,6,1061,2374
2587,55278,4166,2,1152,8757
2588,23742,124,4,6444,5469
2589,64628,2041,3,3003,3107
2590,39677,5257,2,4929,2679
2591,57278,5467,3,6228,6078
2592,72455,1364,4,101,6946
2593,38577,1669,1,1469,2985
2594,27551,4921,5,2298,3335
2595,60839,1609,3,6532,2871
2596,32421,5779,1,5799,7778
2597,33966,5075,2,2697,7071
2598,37451,2061,2,3413,6977
2599,71606,5690,3,3311,4940
2600,35601,283,3,2125,8429
2601,26575,329,4,5011,8155
2602,34680,4203,6,4963,8163
2603,11907,1251,4,5696,4516
2604,58639,2814,3,5765,5060
2605,78219,265,4,6888,1721
2606,16373,5310,4,6253,4682
2607,75012,2708,5,4051,6596
2608,10955,2601,3,6824,8006
2609,43947,5952,1,5963,1493
2610,65831,3945,6,798,5309
2611,33666,2207,2,4669,5095
2612,12907,2162,6,6055,2017
2613,45899,1283,4,3219,6865
2614,23510,1262,3,1416,3369
2615,78646,2418,4,4151,4210
2616,27145,4480,4,2883,4299
2617,5667,3838,3,6351,1899
2618,68863,311,4,2767,7608
2619,14607,1274,3,3632,1266
2620,57432,2914,3,2591,4498
2621,73745,3479,3,1327,7071
2622,6484,390,1,5327,4394
2623,69758,4650,3,5153,7286
2624,60922,2274,2,2305,3545
2625,28069,5179,4,836,7530
2626,4368,2341,2,1075,4403
2627,1473,4409,2,642,2802
2628,43913,3438,6,4629,3205
2629,14753,1847,4,4442,7198
2630,67003,1800,3,3749,6440
2631,76396,1091,6,3643,7507
2632,70133,4121,6,6058,4026
2633,44704,1590,3,4343,2695
2634,23524,5668,2,6396,5247
2635,26366,1312,6,144,2572
2636,13474,2670,5,3506,6443
2637,77471,4093,3,4794,4054
2638,76978,1931,6,2922,7529
2639,56632,5647,6,3930,3948
2640,60516,335,1,2652,5648
2641,36577,4253,3,3796,8488
2642,57606,3693,6,5372,3405
2643,17368,5956,5,4438,6550
2644,60141,97,4,4354,645
2645,67223,425,5,5433,3996
2646,47158,4443,2,6667,3058
2647,69665,104,5,1843,1008
2648,19419,1285,5,5030,1102
2649,72028,5428,4,840,8681
2650,2663,1446,1,3199,7300
2651,2152,1983,1,4060,7406
2652,44648,2602,3,5215,4370
2653,75762,2810,4,2900,7114
2654,77500,5756,4,2484,6305
2655,46243,466,5,5973,5997
2656,19112,3293,5,3981,8840
2657,21697,1080,5,4664,7386
2658,42327,2719,3,4198,285
2659,54054,73,2,2138,7528
2660,70832,2756,6,598,2017
2661,45110,5431,5,1899,6163
2662,19765,321,1,2357,1280
2663,34483,2462,2,4875,2682
2664,49274,4123,3,4140,8194
2665,74501,4048,1,5877,4824
2666,48827,953,2,2318,869
2667,62712,2933,4,414,2446
2668,64612,4690,4,4857,4746
2669,64866,1600,5,5326,5777
2670,53915,4475,4,5972,7541
2671,66176,4517,6,4389,3803
2672,55450,28,2,576,4933
2673,13841,5667,5,3257,6736
2674,3909,5859,6,6862,5918
2675,65817,2875,4,2564,1072
2676,4199,3709,4,6936,7112
2677,60497,4045,4,819,5592
2678,18246,1256,3,6295,4371
2679,70531,4585,6,5259,2741
2680,10192,1991,1,4282,5658
2681,47520,2856,2,2277,169
2682,8423,2489,6,1938,5930
2683,56384,3946,6,2620,2954
2684,44317,2519,4,2208,2601
2685,38873,5138,6,2720,8538
2686,78165,1735,4,2125,1450
2687,46878,4183,6,2194,8989
2688,50936,2322,2,5010,7971
2689,41988,4712,1,636,8071
2690,71939,2411,5,2064,857
2691,3637,3574,6,1505,5829
2692,75222,5039,3,5215,2029
2693,77790,5977,2,2687,4603
2694,27481,1728,3,1280,98
2695,43956,4116,6,6810,6184
2696,40090,3529,4,454,1057
2697,73687,5628,6,4737,7475
2698,57989,4605,6,1736,5962
2699,34816,3628,2,2560,5000
2700,67214,4082,5,3299,3878
2701,77767,3299,4,2215,2153
2702,25305,1438,5,1248,2872
2703,64897,4067,3,5661,5510
2704,34418,3474,1,6534,4377
2705,34783,4014,4,5613,5903
2706,75716,280,3,4453,998
2707,65995,3385,6,2937,902
2708,76626,3254,6,5630,7832
2709,53206,3592,3,6337,1771
2710,58209,2087,6,4562,1897
2711,29596,2939,5,1184,7718
2712,37117,2081,1,6193,5230
2713,14124,227,4,3801,2967
2714,34300,5480,6,4818,917
2715,31435,2484,3,3110,5636
2716,47433,4119,5,4608,1080
2717,20432,2021,5,3253,1541
2718,28066,789,2,3090,5961
2719,60674,2938,4,5936,8757
2720,46189,5502,6,167,3509
2721,43642,5337,4,5125,4223
2722,50773,423,6,2318,2538
2723,78532,5790,4,1283,4461
2724,25481,5696,5,5072,6040
2725,57311,3628,4,843,4630
2726,74632,3927,3,3553,4520
2727,69382,5945,3,1323,6703
2728,70313,3187,5,6929,6918
2729,61329,5692,3,219,1522
2730,72396,5914,1,1365,3939
2731,79378,1804,4,4076,7473
2732,18329,2487,1,4595,7827
2733,70,2413,1,165,4066
2734,12979,1139,4,5973,1305
2735,50672,1936,6,133,3577
2736,77991,466,3,4745,8975
2737,35146,3165,2,6635,8216
2738,4903,2356,4,1872,4176
2739,74521,3184,5,4997,30
2740,79323,4734,6,5967,7034
2741,40879,1784,5,4736,4691
2742,17751,1806,2,4513,953
2743,46874,5998,6,3080,7897
2744,9940,2708,6,5945,8040
2745,34433,4254,6,4910,5671
2746,432,4612,3,5097,7934
2747,47019,2062,1,4779,6756
2748,43428,840,4,6174,5249
2749,67888,875,4,2900,7952
2750,67309,96,4,5365,914
2751,20485,1904,3,5052,4889
2752,16388,4846,2,6628,3917
2753,66073,1834,3,2235,6058
2754,63524,1141,2,2326,6199
2755,35836,3038,2,2279,6669
2756,22029,3033,3,4151,8016
2757,62936,2951,6,1298,3330
2758,44719,2430,3,169,1479
2759,16499,2469,4,4626,359
2760,71325,1421,4,112,7388
2761,61454,2273,6,5849,6996
2762,34073,590,2,1387,7615
2763,64539,5478,1,3432,5601
2764,26530,517,1,1054,1340
2765,4798,34,4,2968,6355
2766,14659,682,4,3011,6551
2767,27629,1337,4,3665,310
2768,22378,1909,2,1356,3047
2769,64167,5484,4,2929,1258
2770,76678,153,2,1365,4935
2771,37250,4463,1,5464,2664
2772,52573,3732,1,4391,8161
2773,64255,3114,3,3366,3025
2774,2178,1379,6,5238,4999
2775,59293,5260,5,3862,8120
2776,74273,810,3,6984,780
2777,79546,2106,5,2711,3034
2778,26448,1823,6,6698,3359
2779,39157,5498,2,6182,7992
2780,69033,2682,2,5724,5965
2781,53140,2469,6,2569,1742
2782,6955,5168,3,6397,2776
2783,23570,341,4,2925,763
2784,71993,5505,1,1626,7998
2785,27821,305,4,2307,2062
2786,55204,2397,3,4648,7131
2787,14485,2974,5,320,6009
2788,13778,1564,3,5052,2184
2789,53923,2943,1,3331,7204
2790,9862,1235,2,4569,2222
2791,51680,3266,1,4991,7698
2792,78302,5277,1,1210,2891
2793,61824,1804,1,6700,603
2794,48572,2652,4,2756,2383
2795,26355,749,3,4025,3165
2796,18131,1164,1,3958,1609
2797,48723,3282,6,3945,3304
2798,3765,4860,1,3363,2111
2799,9013,277,3,1058,8770
2800,14867,3813,6,4386,7247
2801,45984,4491,5,3378,6369
2802,6263,5173,3,4110,5097
2803,78076,4273,5,5807,7458
2804,63664,4304,4,1275,742
2805,50905,1690,4,1894,8613
2806,3237,2323,2,5529,4084
2807,72701,3654,5,6156,6352
2808,8799,5351,6,3934,54
2809,38036,2692,3,3119,7582
2810,1882,1158,2,703,5133
2811,28589,678,2,2051,1929
2812,7395,1400,5,5936,1070
2813,53706,3689,5,6255,4669
2814,3267,4018,4,1208,5959
2815,52059,5293,3,4458,3305
2816,18232,3301,4,2800,8684
2817,38364,990,4,2819,4449
2818,66012,4212,2,1841,3131
2819,52976,3354,2,6924,4921
2820,73002,1400,5,1791,4325
2821,1354,3616,2,6242,5320
2822,6980,859,4,3724,1785
2823,10380,4239,3,4920,2571
2824,60640,3417,2,1738,2030
2825,50684,499,5,863,2105
2826,9771,3814,6,3707,8485
2827,9009,425,5,5960,4032
2828,63996,3507,4,2208,2990
2829,14860,2892,3,3256,7732
2830,44418,2705,3,874,7987
2831,72699,2334,2,6051,4396
2832,56863,5281,3,6608,6043
2833,18694,1278,5,5925,2244
2834,5543,5759,6,5768,3525
2835,67633,2410,4,702,6113
2836,33049,4106,2,4715,2296
2837,39185,3359,6,4479,8550
2838,19942,5153,1,2715,3646
2839,62993,2902,2,413,2574
2840,30357,3515,2,3424,6159
2841,71746,5037,1,5953,1898
2842,60571,4861,3,5743,2017
2843,29251,4046,4,6073,7898
2844,24865,1244,3,6249,4434
2845,941,666,4,1860,7978
2846,1734,3834,3,3005,4091
2847,26595,1024,1,3448,7261
2848,34153,5465,1,157,5759
2849,24673,5368,4,3986,1145
2850,4365,2284,6,4272,1748
2851,7129,4089,6,373,1101
2852,72522,2683,5,1014,5217
2853,46316,2917,4,4347,5375
2854,26225,942,6,3981,7001
2855,41799,263,2,2914,2698
2856,58890,3282,6,4054,1339
2857,3442,4533,4,2294,2189
2858,47722,5132,3,4989,2259
2859,42284,2863,1,661,8283
2860,28259,3396,5,2873,6541
2861,53030,5891,6,2761,4098
2862,8429,4739,4,3288,1158
2863,40271,331,5,4493,4323
2864,54537,2703,3,787,3870
2865,9035,5759,4,248,310
2866,35789,4394,6,6911,8439
2867,68686,4889,5,5036,478
2868,58976,4317,1,2136,3171
2869,25927,5336,4,1029,2834
2870,33091,4281,1,618,3943
2871,28806,4724,5,3554,4375
2872,25292,2651,1,4756,8139
2873,65885,3670,5,4136,4855
2874,66319,4385,3,6248,5761
2875,9713,2812,5,2097,6348
2876,25386,4584,2,6243,5393
2877,77338,392,4,2071,4399
2878,73448,4192,5,2084,2209
2879,5187,1165,1,4052,4958
2880,42237,5762,1,4555,8217
2881,66223,1402,6,1205,6058
2882,48609,189,6,4906,5315
2883,17000,5617,5,2448,5571
2884,68212,5466,6,6100,1164
2885,41737,4776,5,6908,1195
2886,14177,1210,5,6121,8373
2887,60509,5718,5,1581,7926
2888,34182,2065,2,893,1613
2889,46428,2784,6,5475,3169
2890,41114,2736,2,2907,499
2891,54318,3774,6,4908,4557
2892,17404,3945,2,4765,8977
2893,74314,4369,2,3936,618
2894,41835,2296,6,3586,1622
2895,50175,4573,5,4357,5585
2896,79756,5096,2,798,1504
2897,51289,2835,6,3164,1945
2898,27910,5898,4,5248,508
2899,76073,1349,6,5283,7212
2900,19810,820,3,5092,2850
2901,19314,2925,6,4606,553
2902,68783,2077,4,5836,4355
2903,59482,1897,1,2617,562
2904,64583,3482,1,4016,7950
2905,1843,5885,4,5309,4056
2906,33653,2598,6,3174,6536
2907,66911,18,3,420,1151
2908,58274,3371,2,3009,300
2909,18643,4274,3,1947,488
2910,14255,3087,3,2224,8224
2911,133,2546,4,1432,5956
2912,41650,5143,6,2295,2040
2913,49442,3305,1,2362,220
2914,33052,3719,4,3963,6626
2915,8242,5792,1,1040,5001
2916,76836,5014,5,4469,5619
2917,29830,622,1,6639,8289
2918,56572,4891,6,6209,2244
2919,23714,3423,5,5518,6927
2920,39016,828,1,719,4990
2921,44164,1611,1,3695,2207
2922,6144,1310,1,1513,5245
2923,60985,324,3,6884,6395
2924,31335,2896,4,5434,3140
2925,68573,1228,4,2587,3477
2926,69658,1096,4,2035,3597
2927,43389,4539,6,1954,6385
2928,62170,3322,4,6737,4485
2929,79125,893,1,6516,2513
2930,46988,990,2,3934,1834
2931,40545,2326,6,1843,1508
2932,2744,1137,2,6057,4317
2933,76586,5783,1,6849,1974
2934,30172,5293,3,5913,5582
2935,38388,1584,2,2215,1857
2936,21106,4256,4,4223,1551
2937,59560,4640,4,5842,3106
2938,5184,5422,1,5644,4252
2939,27657,3137,5,6955,2391
2940,23064,4976,4,3991,8103
2941,75132,5196,5,354,4265
2942,8044,4592,2,269,4182
2943,25039,3903,6,648,5999
2944,34507,2250,4,2489,7084
2945,41478,3110,4,4316,6745
2946,6516,1730,3,364,4572
2947,59568,3489,3,4905,4147
2948,27183,2557,2,3837,713
2949,74963,1504,6,3322,4358
2950,53413,4317,2,5815,2308
2951,64082,3407,2,1870,7303
2952,65891,2179,3,2838,4245
2953,38864,1768,5,5706,4050
2954,44915,2112,5,2296,4694
2955,49562,1935,6,6847,6979
2956,8281,1482,4,5625,3837
2957,64363,1766,2,6684,5072
2958,25977,5695,6,894,7305
2959,52717,4090,6,5001,6845
2960,36879,5425,3,6117,4720
2961,49761,5441,5,1137,4935
2962,61977,236,5,5341,2160
2963,53882,739,1,3327,2967
2964,15553,76,1,6867,5014
2965,35948,2970,1,722,2098
2966,1121,3975,3,1855,8989
2967,40458,3956,5,5750,8359
2968,20934,5921,2,3452,4142
2969,42969,2487,6,6622,7130
2970,43235,5579,5,4443,1641
2971,5915,497,3,4711,5667
2972,72205,2495,2,1890,2753
2973,72002,3959,2,4075,2758
2974,74932,2385,5,3470,6498
2975,27279,5800,3,5784,7521
2976,64418,4109,1,406,8432
2977,47582,5098,1,4890,4597
2978,78066,179,3,4883,7386
2979,67354,5451,4,3451,3837
2980,10019,962,3,6519,1284
2981,9372,5461,1,2747,1859
2982,77770,5012,6,6058,4567
2983,72032,3910,5,5220,431
2984,77578,5755,2,2039,6477
2985,28927,378,4,871,3379
2986,73251,449,2,3452,7860
2987,66826,899,2,3262,728
2988,2677,943,5,4972,1731
2989,32191,3459,6,2292,4068
2990,6112,4598,3,1515,2371
2991,56484,5469,4,1658,6632
2992,40523,1699,2,1356,3258
2993,40951,1783,3,2340,5022
2994,35878,4882,2,4204,7840
2995,21827,1650,5,3056,8534
2996,55157,3118,5,5708,5076
2997,35384,1333,4,368,3613
2998,63728,1960,2,4934,7226
2999,48067,5956,3,2096,4125
3000,51085,4526,1,6108,4240
3001,54188,543,3,3686,4705
3002,51954,2850,6,3738,5692
3003,39709,833,5,2413,254
3004,57279,3620,3,839,1515
3005,56609,886,3,3247,2621
3006,15546,979,4,1772,6302
3007,40502,689,1,2601,3812
3008,70223,2651,4,5641,2753
3009,34200,90,3,3604,5576
3010,46473,2492,1,3161,4493
3011,54517,2017,4,6699,2870
3012,46269,4318,3,1575,8378
3013,4137,5912,3,6225,6020
3014,11023,2166,2,3344,3802
3015,77502,4269,3,3329,6291
3016,76750,4244,4,239,5438
3017,18686,4491,2,3406,339
3018,10960,1597,3,5983,479
3019,62441,5484,4,5456,3271
3020,75324,774,6,2674,3473
3021,16636,3372,1,5470,2096
3022,74356,3326,1,3320,6031
3023,78118,5624,6,4364,2566
3024,47052,2472,1,6507,1615
3025,65162,5075,6,5741,7589
3026,77635,3161,1,3336,8597
3027,52179,4359,6,5859,2765
3028,61674,3195,2,3670,6494
3029,24396,1310,5,4393,3973
3030,14987,1466,5,2697,832
3031,37672,1877,5,2834,7909
3032,51868,5992,3,6211,1261
3033,22872,2481,2,1777,5894
3034,22952,1299,3,5640,4716
3035,72973,103,6,6619,2580
3036,56448,5925,5,1962,1799
3037,76767,5317,6,2878,2266
3038,49034,1845,4,6318,2630
3039,23669,4296,2,4688,5976
3040,18790,4659,1,6894,2938
3041,67415,3544,2,3407,975
3042,37948,3091,5,3902,8889
3043,40953,1528,5,2226,2900
3044,43800,4561,1,5006,6023
3045,55768,2738,3,6353,8202
3046,14873,424,2,1128,5148
3047,1933,2921,6,6873,5823
3048,11625,5893,1,1619,5678
3049,79472,2560,3,3199,4531
3050,34316,1239,4,5478,5430
3051,55867,824,1,5111,5188
3052,5500,2944,2,4878,5069
3053,6779,2707,1,4703,6713
3054,15887,5355,2,4082,6184
3055,77969,4774,5,2139,569
3056,2954,5810,5,2227,4117
3057,1091,2650,1,5239,8365
3058,1954,2125,5,3228,7471
3059,64264,877,4,3541,4884
3060,14444,4950,2,1329,3379
3061,15064,558,3,3911,7788
3062,5740,2972,3,1124,7017
3063,68214,5757,4,936,230
3064,24311,2655,1,6496,5074
3065,1357,672,5,6321,3377
3066,62518,2430,4,6308,2253
3067,60398,1543,5,3033,8348
3068,50693,2982,5,6844,728
3069,58455,305,5,4829,6039
3070,63678,1597,3,6030,2089
3071,59113,3850,6,6474,2940
3072,63696,3372,4,4199,7045
3073,65805,4958,6,2706,8820
3074,42729,4630,3,3230,1294
3075,70447,5725,2,6141,6005
3076,55992,4840,4,5523,1834
3077,54666,994,5,2693,2508
3078,25523,5227,2,4824,3982
3079,3204,3517,4,692,8500
3080,79276,4052,6,828,7007
3081,3291,2223,4,3302,1267
3082,62342,4688,2,2675,6660
3083,3103,5124,4,451,8740
3084,53917,4216,3,6683,3035
3085,60055,5582,1,2383,3165
3086,29708,2318,4,474,8195
3087,6166,1392,3,4839,2853
3088,53866,2522,2,1194,3756
3089,65913,5155,1,5949,661
3090,26741,1897,5,1573,46
3091,24641,3047,1,2949,7314
3092,57277,5323,6,6255,4706
3093,55021,1744,1,5434,5804
3094,76423,3828,5,5259,5763
3095,17383,35,4,4613,1454
3096,43969,4382,5,1919,8961
3097,76447,459,3,6335,7688
3098,79135,3465,4,5857,3573
3099,45265,1269,6,6957,3573
3100,76987,2444,5,3623,5132
3101,6242,3924,4,5455,6852
3102,69556,1466,2,3638,5914
3103,62279,2074,3,5574,6886
3104,55500,4028,2,4838,8072
3105,41388,213,5,6874,6647
3106,58075,2918,2,1719,4459
3107,65105,2296,6,1503,6649
3108,6773,2009,6,5586,2766
3109,8449,1682,3,1325,2761
3110,47318,2586,4,731,137
3111,67985,2790,1,3669,1467
3112,45386,5446,4,1140,8383
3113,18498,3737,4,3643,2646
3114,732,1602,6,5583,4943
3115,65062,1429,4,2208,4288
3116,30528,3490,3,6249,5355
3117,34914,303,5,1990,6396
3118,56802,1224,3,741,8625
3119,28485,850,4,6441,5390
3120,19557,2800,2,1665,3788
3121,16262,1708,4,5353,3838
3122,20736,4157,4,6480,3609
3123,47268,3512,4,3159,1554
3124,61818,5978,2,2079,3445
3125,39952,5509,2,4787,4812
3126,31128,3776,5,957,6688
3127,17472,396,1,2817,380
3128,59111,3549,2,4638,2459
3129,15590,3584,1,161,247
3130,76051,3867,1,526,5645
3131,79790,2054,1,1367,8314
3132,7278,1176,1,5127,1580
3133,36715,2191,5,616,8108
3134,6667,2298,1,5591,1764
3135,34021,4715,3,2293,4397
3136,33284,2377,5,3732,6441
3137,47315,2591,1,2472,803
3138,58151,755,4,1383,7524
3139,64282,3187,2,3200,7392
3140,52878,3249,4,1901,6697
3141,62226,2991,2,459,5876
3142,14838,4519,4,1083,7343
3143,26156,3465,1,4953,4330
3144,79667,3617,1,4362,7958
3145,67756,5348,2,4875,7291
3146,49566,2047,3,5514,1736
3147,78812,4897,6,6875,2983
3148,19745,2246,5,5091,1425
3149,23341,2353,3,4234,6164
3150,75444,1753,1,2715,1604
3151,36705,41,2,6391,3500
3152,48958,3772,4,864,332
3153,7730,5682,2,4370,3377
3154,66216,1230,3,6311,1386
3155,1472,1671,5,881,3239
3156,20396,3258,4,2146,1660
3157,24128,2116,2,6824,8409
3158,32452,5259,4,2595,4288
3159,74585,3101,6,3091,656
3160,39234,993,1,3622,5606
3161,35118,242,6,1181,5152
3162,17942,3845,5,5790,6950
3163,31017,4637,5,1649,2687
3164,8578,5449,6,4094,6368
3165,16822,3171,1,6552,2403
3166,17699,410,5,3456,3190
3167,59337,2117,5,1489,5338
3168,29152,999,6,2471,5092
3169,5640,755,5,2655,6685
3170,30399,3237,3,112,3295
3171,28497,847,6,4670,4309
3172,45570,4302,6,1242,4710
3173,13596,5495,1,1693,6391
3174,24334,1501,4,3052,7561
3175,66475,4581,2,261,3282
3176,72489,1508,3,6928,4250
3177,79040,4158,4,5958,1115
3178,30386,3177,6,1328,8156
3179,33031,396,4,3038,6636
3180,51179,92,2,743,670
3181,24144,4598,2,5655,5151
3182,52570,210,6,5405,2907
3183,37756,3293,4,1184,3743
3184,53808,4010,6,6598,4380
3185,38398,3833,1,5403,2699
3186,23610,5932,2,1702,8448
3187,62357,214,4,3789,5215
3188,18601,5443,2,955,51
3189,79402,2521,4,5659,2598
3190,48360,3057,2,5355,72
3191,11946,4225,6,6955,6715
3192,28536,2318,1,3117,5727
3193,59018,3493,1,4569,5266
3194,4783,2848,4,4021,3956
3195,76257,1430,6,4297,8983
3196,47922,2568,3,6864,6825
3197,42406,2216,6,2754,7484
3198,40992,1907,6,3064,7071
3199,24665,263,5,1052,5747
3200,29891,4052,2,1162,7907
3201,72269,1901,2,4135,5015
3202,46598,1712,4,2955,7879
3203,51311,4093,1,1078,3289
3204,7717,4994,2,2531,7981
3205,77636,4666,2,5692,5332
3206,51550,5045,2,2740,1191
3207,63194,2867,3,900,7206
3208,33586,3741,1,2053,7494
3209,55934,3515,5,5527,7667
3210,56860,3267,3,2517,4447
3211,77477,1456,4,6493,7038
3212,46730,2636,2,1170,1686
3213,35368,4981,5,645,3177
3214,60533,1168,5,2019,919
3215,29565,2987,5,3802,8782
3216,79471,5501,6,4431,7484
3217,78418,2904,6,6638,314
3218,74117,1300,2,870,7137
3219,9234,2866,2,1126,6412
3220,61874,4348,2,3182,2337
3221,2470,3242,3,2368,1731
3222,61082,2294,4,1965,5626
3223,5214,3108,5,4347,6597
3224,2393,4324,5,4646,4895
3225,45190,2923,6,1219,6814
3226,32441,1776,4,2149,7444
3227,62635,1195,2,1312,3711
3228,76688,15,5,4198,552
3229,42930,5346,1,3549,855
3230,22311,5193,5,4399,2616
3231,30926,2949,6,4980,3359
3232,79980,3706,1,3582,4651
3233,73946,1011,3,4049,7027
3234,32139,4800,1,4259,8716
3235,26143,674,6,6710,1655
3236,64009,5686,5,5523,3915
3237,29314,1018,5,6617,2245
3238,59525,2443,5,3011,6376
3239,20605,3237,6,6099,2884
3240,62491,1988,6,6675,882
3241,41446,3006,3,230,8224
3242,24551,712,5,2906,3598
3243,21818,5159,6,1468,2352
3244,64007,704,2,2811,4747
3245,36743,3217,6,5413,4807
3246,64630,108,4,2928,2919
3247,46460,39,4,5987,7375
3248,7316,2688,2,2868,511
3249,17550,5052,5,4090,4950
3250,46080,2679,4,2094,2662
3251,58060,707,6,1905,2037
3252,54869,3796,3,5784,2231
3253,79022,5372,3,1641,993
3254,50588,142,4,621,6531
3255,69241,3531,4,4578,2187
3256,12122,2849,2,4234,64
3257,2883,1552,1,6202,1130
3258,29437,3011,4,3792,4118
3259,61696,2487,4,2842,3082
3260,16342,2298,1,3521,6217
3261,78694,3565,5,3547,7612
3262,78259,2394,3,1588,402
3263,70139,4175,5,3805,3378
3264,65151,5088,4,4089,3925
3265,29355,5417,1,3272,3919
3266,53576,3740,5,2218,402
3267,22926,2291,3,1654,8748
3268,20718,3405,3,3606,4003
3269,71957,3435,3,6129,3285
3270,68014,2054,3,990,5737
3271,60864,2480,2,3978,7080
3272,79639,285,4,4475,7828
3273,3615,2291,6,2212,7227
3274,53819,2906,6,1035,8046
3275,65935,3384,6,4748,5400
3276,25152,5028,2,5837,6880
3277,6698,3845,6,4561,5315
3278,46200,1903,2,3965,5798
3279,12045,358,5,1418,6471
3280,26571,2692,3,3503,504
3281,62350,2897,1,6693,6738
3282,27636,5747,2,5307,1580
3283,65914,2905,3,3713,3737
3284,11255,2195,2,2970,3856
3285,30308,4340,5,1228,47
3286,59035,5460,3,2054,1571
3287,21040,3248,4,5201,2392
3288,65137,4180,6,3158,2883
3289,15427,4802,4,255,311
3290,73596,127,4,1446,855
3291,36263,2514,4,4342,1870
3292,24050,5267,4,5489,7513
3293,2864,1671,6,4704,3366
3294,59362,5070,5,4513,858
3295,63028,5457,2,5527,756
3296,39496,5977,2,6579,1016
3297,20231,4045,1,6449,7292
3298,4863,5196,5,5122,3998
3299,1269,5334,2,556,6974
3300,58632,3379,3,4458,4309
3301,39309,2112,6,5302,1834
3302,5839,5463,1,4463,7130
3303,63633,552,1,6788,2185
3304,14921,4029,4,6854,2192
3305,42017,5727,6,6872,5554
3306,69387,1977,6,1062,59
3307,11457,1396,4,5897,6024
3308,8326,3517,3,1468,6734
3309,34724,5144,5,1085,4161
3310,21755,4482,3,3770,2837
3311,13368,3683,2,1437,5179
3312,26941,711,5,4900,3780
3313,42655,3143,2,5384,5127
3314,36167,5501,4,1168,931
3315,42722,4414,3,4421,2339
3316,13749,2083,5,4522,1623
3317,78332,5745,3,4953,8931
3318,40445,2881,3,453,8646
3319,68267,2975,3,1331,8078
3320,38216,4738,2,3656,6236
3321,65273,2224,1,6698,3407
3322,6899,801,4,3792,5706
3323,74749,4374,6,5628,612
3324,64031,5217,5,6113,8589
3325,76876,593,5,4409,2665
3326,55898,915,2,136,1357
3327,32154,986,1,5262,5262
3328,7861,3992,5,429,2559
3329,43072,54,6,716,811
3330,70053,5898,4,3542,4744
3331,19741,2932,5,1455,8848
3332,24990,3140,6,110,4297
3333,72219,1114,4,1005,8681
3334,25329,426,1,2510,4522
3335,11034,4868,4,932,5185
3336,63629,1960,1,4441,319
3337,48968,2089,3,4438,3648
3338,44551,661,6,2738,513
3339,49432,4041,1,6329,4326
3340,26092,5917,3,1567,6776
3341,36202,692,5,4652,8056
3342,76146,1696,2,6847,8010
3343,17381,4500,6,4428,2789
3344,29618,4688,5,5384,5085
3345,56381,3767,2,1364,6780
3346,55714,1052,6,1758,4318
3347,21928,2132,2,3519,5206
3348,60521,1158,5,820,2809
3349,27119,1894,2,4280,3728
3350,1929,1281,2,1492,1783
3351,34089,2568,3,5799,8660
3352,7207,20,6,2972,3266
3353,70226,2027,5,1626,6449
3354,9910,4669,4,2575,8870
3355,809,2125,6,5379,7767
3356,9783,4585,1,6243,8223
3357,29381,3374,2,3962,2184
3358,37978,3685,3,6490,1743
3359,51383,2625,6,4414,2163
3360,33349,86,6,6985,6776
3361,38188,3238,1,565,6557
3362,38928,4943,2,2677,5798
3363,26801,337,2,5337,5119
3364,23926,2153,5,3441,7416
3365,77792,2262,1,3391,601
3366,36778,5791,6,6988,2491
3367,49910,3574,1,3352,1567
3368,50193,2553,6,3069,8010
3369,20559,4002,3,4999,2412
3370,32785,2656,2,1792,3336
3371,35046,3444,1,1512,4997
3372,66857,1837,2,4879,2255
3373,58036,5515,6,4162,3494
3374,74684,4626,1,204,8004
3375,78838,5217,3,3053,5234
3376,31813,1822,6,3023,6507
3377,9508,4326,6,1299,3320
3378,42783,2410,3,6842,254
3379,66717,4785,1,5882,5204
3380,18712,4637,1,1155,2811
3381,48666,3633,3,1629,95
3382,31475,2986,5,4689,606
3383,64511,4836,3,3870,4860
3384,17698,3171,3,1437,3537
3385,20258,1834,2,975,1927
3386,37717,3943,2,3533,8334
3387,56968,517,6,2133,4787
3388,16115,829,2,1870,1755
3389,67554,5572,4,4302,6182
3390,79041,717,5,4188,790
3391,17914,336,3,3016,8138
3392,42523,3852,4,238,3413
3393,77847,1088,1,3610,2299
3394,45360,3134,5,2513,1875
3395,55170,2264,4,5783,2346
3396,27931,4030,4,347,3881
3397,68815,2960,3,1902,4778
3398,69702,5917,2,3269,3850
3399,33414,2219,5,5575,8987
3400,20224,4615,6,1225,3127
3401,55602,2073,5,1396,7013
3402,73757,938,1,2697,5533
3403,6382,1050,2,6480,5752
3404,39405,3969,5,3840,7066
3405,49514,1243,3,1863,3956
3406,15304,662,5,5737,5324
3407,51108,4324,1,3559,8753
3408,75598,751,6,2918,4758
3409,10347,4687,4,4138,1623
3410,78659,5090,6,5387,228
3411,35294,3311,3,6397,6281
3412,23342,1576,6,586,302
3413,47656,1694,3,3181,7866
3414,2720,1560,1,1566,3368
3415,3439,2633,1,2355,576
3416,18040,1211,2,3592,7511
3417,11676,5139,1,523,1944
3418,62010,3415,4,127,182
3419,75722,4419,4,6900,137
3420,13523,2771,6,3299,6231
3421,66839,1750,1,5763,1910
3422,67965,1397,2,4642,2188
3423,1033,5932,5,1857,6210
3424,45551,2049,4,6701,2117
3425,25303,3762,5,2912,7942
3426,58976,462,6,789,1721
3427,12594,3341,5,1832,5891
3428,57245,4769,3,3835,3617
3429,59399,2992,1,4863,1384
3430,19958,4228,4,3003,8611
3431,51610,1333,3,2861,8929
3432,9950,4286,2,4282,4816
3433,18847,4463,1,3017,1020
3434,8094,1454,4,1814,4599
3435,2276,430,4,2715,790
3436,52805,3104,2,978,4783
3437,74854,2797,3,2948,2712
3438,25767,5485,3,5553,6793
3439,53780,654,1,2539,7712
3440,31986,3642,3,202,4758
3441,54874,1171,4,4244,4971
3442,41310,1658,1,6355,6442
3443,65288,2383,6,2562,1124
3444,17016,776,3,1332,5111
3445,889,681,3,2199,1522
3446,24309,107,6,6129,4508
3447,68588,5664,5,5307,7204
3448,17793,3776,5,4914,6926
3449,34779,3581,6,424,1625
3450,76173,3306,1,6158,4990
3451,3259,2163,4,2198,5976
3452,67343,1400,3,4157,6326
3453,57010,5189,6,5678,1238
3454,71303,1061,3,5490,5597
3455,45643,5678,4,1597,2530
3456,26188,2291,1,681,5205
3457,55566,4815,5,1184,27
3458,55631,2901,1,5810,634
3459,74825,2076,3,4923,6213
3460,70995,4577,6,813,8936
3461,156,2139,3,2984,2127
3462,43108,1858,6,1874,6557
3463,77041,2396,6,1235,2543
3464,79254,1684,3,6645,381
3465,19704,1481,2,3266,3355
3466,57783,5101,3,2811,2146
3467,60539,393,3,4750,1460
3468,1634,4146,3,3159,391
3469,64267,4125,2,6382,5146
3470,5827,889,1,828,7095
3471,79697,4023,4,3047,5254
3472,72886,5174,6,310,3120
3473,51550,12,1,2507,6306
3474,33535,5856,4,3197,5941
3475,33705,715,5,1617,4547
3476,48918,675,1,3501,1111
3477,40232,48,5,1747,8556
3478,64318,3041,1,2779,545
3479,58205,4904,1,4269,659
3480,16612,4861,1,6624,5683
3481,60803,3282,4,1358,1959
3482,55915,4434,6,2759,2250
3483,6794,5836,3,5928,1241
3484,48263,2154,2,3435,5843
3485,2518,11,2,4792,6585
3486,29965,5676,4,2221,2627
3487,11558,3110,4,1646,4967
3488,19680,2842,4,3492,6464
3489,76416,4911,1,3883,2124
3490,51710,1235,5,2658,8482
3491,65172,3956,3,3658,8474
3492,60642,3808,2,2456,4684
3493,6105,981,2,749,4525
3494,71149,1933,6,2082,8520
3495,77731,2708,2,1999,5968
3496,17682,2203,4,2355,5721
3497,39488,5009,1,3522,4151
3498,31476,5273,5,1258,8414
3499,21028,193,1,888,6994
3500,17594,3761,1,5250,2208
3501,45069,1353,4,4325,7642
3502,74136,2361,6,1967,8043
3503,54698,5007,6,3192,1948
3504,15139,5038,2,179,220
3505,22663,2946,5,5162,2131
3506,46978,4817,6,3688,7398
3507,1088,3059,5,3456,6205
3508,70124,5249,6,2032,5676
3509,2475,2044,6,6981,5184
3510,71275,2515,6,6913,7952
3511,37772,57,2,2516,7483
3512,23716,2141,5,2970,8208
3513,21966,627,2,3690,8548
3514,8463,3028,4,4797,550
3515,36238,2553,4,1995,8195
3516,20189,5066,4,4499,396
3517,21592,916,4,520,6922
3518,33840,3903,2,402,8881
3519,23995,4961,1,271,116
3520,48902,1822,6,856,410
3521,68677,1471,2,3267,3232
3522,54793,971,3,6135,8561
3523,61835,5456,5,2198,6571
3524,14727,367,1,4601,5706
3525,19791,1065,5,1459,1362
3526,24334,5764,2,2416,4433
3527,41009,3721,1,1186,1002
3528,13499,940,2,3397,1076